Experiment,sex,Type,Genotype,Hierarchy,Mice.chips,Animal,Last.day.Glicko,RunningTime(N.events),RunningTime(min),WalkingTime(N.events),WalkingTime(min),StaticTime(N.events),StaticTime(min),movementTime(min),RunningTimeHighVelocity(N.events),RunningTimeHighVelocity(min),Median/mean.speed.(cm/sec),Median/mean.Aceleration.(cm/sec^2),Distance.traveled.(m),Angular.velocity.(rad/sec),sleepingSumTime(min),hidingSumTime(min),eatingSumTime(min),drinkingSumTime(min),Frequency.visits.the.hiding.boxes.(1/hour),Frequency.visits.outside.sleeping.box.(1/hour),ROI.exploration.(bits/hour),ArenaSumTime(min),CenterTimeAlone(min),InsideZoneTime(min),OutsideZoneTime(min),Chasing.(N.events),Chasing.duration.(sec),Being.chased.(N.events),Being.chased.duration.(sec),Chasing.plus.being.chasing.all(N.events),Chasing.plus.being.chasing.duration(sec),Foraging.correlation,Distance.pairs(cm),Together.(N.events),Time.together(min),Contact.snout-head.(N.events),Contact.snout-rear.(N.events),Contact.snout-head.(1/min),Contact.snout-rear.(1/min),Approaching.(N.events),Approaching.duration.(sec),Being.approached.(N.events),Being.approached.duration.(sec),Approach.and.being.events,Approach.and.being.duration.sec,Avoiding.(N.events),Avoiding.duration.(sec),Avoid.and.being.events,Avoid.plus.being.duration.sec,Being.avoided.(N.events),Being.avoided.duration.(sec),Last.Day.Stability,Overall.Stability,Glicko.per.day.y
Exp55R,male,wild,WT,beta,0007946daf,18,2291.438,791.3333333,2.59934445,6707.833333,39.22136383,5732.166667,20.1968555,41.82070833,98.16666667,0.219108333,3.976985316,7248.883054,258.2855723,1.980848969,137.7314,12.72012777,6.052519444,1.019758334,18.96088799,24.29469466,0.279973306,89.51551444,22.66375556,46.03984172,17.31375278,2.5,2.174666667,2.666666667,3.156,5.166666667,5.330666667,0.002724021,19.48709158,340.6666667,5.492752778,185.1666667,188,0.771627946,0.783434542,2.166666667,2.557166667,5.333333333,5.419666667,7.5,7.976833333,2,3.432666667,2.5,4.672333333,0.5,1.239666667,0.75,0.749725598,2132.675712
Exp55R,male,wild,WT,gamma,0007946e6f,18,2074.581,533.3333333,1.566961117,3935.333333,24.74123606,3298.333333,11.10558339,26.30819722,62.66666667,0.119808333,4.170033381,32.25959026,162.2324126,1.960342174,176.2667278,5.452941672,1.602205556,0.551336111,12.96020713,24.08635568,0.206572099,58.24737,12.2660805,26.35557772,11.89738883,1.166666667,0.9295,2,1.835833333,3.166666667,2.765333333,0.010813125,16.41170062,244.8333333,4.347563833,129.1666667,131.6666667,0.538263045,0.548681223,2.833333333,3.1695,5.333333333,6.463166667,8.166666667,9.632666667,1.166666667,1.145833333,2.5,4.539333333,1.333333333,3.3935,0.794114561,0.802237087,2054.220001
Exp55R,male,wild,WT,alpha,00079474c9,18,2427.503,585.3333333,1.860963889,5075.166667,28.17689167,4384.666667,15.43099728,30.03785556,71.33333333,0.153452777,3.34038329,25.61052143,183.9169162,1.753873977,170.705825,3.865552783,2.897191722,0.409347223,8.042665735,17.96027965,0.178530007,65.39566167,12.48721117,36.55751939,9.778908333,3.833333333,4.1325,1,0.791833333,4.833333333,4.924333333,0.017982401,14.8227392,311.3333333,4.804472222,155.6666667,171,0.648687852,0.712583747,3.166666667,3.114666667,2.666666667,2.664166667,5.833333333,5.778833333,2,3.915333333,3.833333333,6.912666667,1.833333333,2.997333333,0.762783507,0.902556701,2434.892786
Exp55R,male,wild,WT,delta,00079485fe,18,2064.615,649.1666667,1.926427772,5021.666667,32.33973617,4217,14.21084717,34.26616389,81.33333333,0.176175001,4.207165837,33.47900873,204.7299826,2.150522246,153.7295611,8.716363883,4.968725056,1.372983334,19.08620067,25.29497093,0.271034561,77.52112222,19.83556939,35.54131939,13.98650272,1.166666667,0.861833333,2.166666667,1.619833333,3.333333333,2.481666667,0.001184171,18.62448961,235.8333333,4.1570195,121.3333333,132.1666667,0.505617703,0.550761933,1.333333333,1.8515,2.833333333,3.4895,4.166666667,5.341,2,7.098833333,2.5,8.312333333,0.5,1.2135,0.817715018,0.877590578,2172.102602
Exp55R,male,wild,WT,epsilon,7947702,18,1956.368,335,1.032869444,2851.5,15.7443,2459.666667,8.366061167,16.77716944,41,0.076047222,7.342515349,52.43918132,106.2398332,2.067588235,195.5065556,2.505016661,1.183936111,1.166041667,4.667235489,21.29409107,0.225778374,41.95547833,9.518958278,20.00266944,5.726811056,0.833333333,0.664333333,1.666666667,1.359333333,2.5,2.023666667,0.000132402,10.08144495,200.3333333,2.986980556,104,109,0.43339161,0.454226986,1.833333333,1.747333333,3,3.080833333,4.833333333,4.828166667,1.166666667,1.653833333,1.666666667,2.158333333,0.5,0.5045,0.652528989,0.844897792,2041.131932
Exp56R,male,wild,WT,gamma,0007945c9b,19,2145.451,576.1666667,1.733911111,4305,26.28428,3721.5,13.760545,28.01819111,100.8333333,0.26955,3.91819312,32.41726027,179.4260644,2.220687355,161.4026083,25.33507167,8.0137,1.315419439,31.29650033,6.542713795,1.019226053,53.22835611,12.43201944,35.40512444,7.218561667,2.833333333,3.013333333,4.5,6.4265,7.333333333,9.439833333,-0.008585714,19.69794476,275.3333333,4.572311111,111.8333333,119.5,0.466044219,0.497994188,0.333333333,0.307333333,3.166666667,4.144833333,3.5,4.452166667,0.666666667,0.781333333,0.833333333,0.968833333,0.166666667,0.1875,0.640769905,0.849810848,2072.174852
Exp56L,male,wild,WT,gamma,0007945de2,19,2159.97,953.8333333,3.241002778,6402.166667,40.19382444,5425.166667,20.26286111,43.43482722,221,0.709988894,4.993387689,32.49994625,346.1122565,2.014593594,133.4022944,14.44118611,1.032038889,0.756783333,35.16389383,52.15015928,0.231372613,86.56930556,21.22163339,37.42631889,27.28729667,8.333333333,10.227,9.333333333,12.26666667,17.66666667,22.49366667,0.010868942,35.59525485,235.3333333,3.158822278,106.5,123,0.446393135,0.51492998,3.5,4.33,2.833333333,2.630333333,6.333333333,6.960333333,1.666666667,4.265333333,3.333333333,8.424,1.666666667,4.158666667,1,0.923852138,2102.91051
Exp56L,male,wild,WT,delta,0007947d79,19,2079.931,495.8333333,1.717363944,4307.666667,23.12381167,3813.166667,14.26892222,24.84117444,103.1666667,0.314158333,4.009130854,27.08806185,171.0983439,1.810720591,170.4312556,5.795480611,0.33675555,0.581480561,11.62520954,44.37928693,0.226461844,58.18605278,6.067722167,20.94848111,19.06117833,2.666666667,2.401166667,5,7.409,7.666666667,9.810166667,-0.002649779,32.03542323,206.1666667,2.854174944,128.3333333,131.3333333,0.546331629,0.558721717,1.5,1.893,3.166666667,3.130166667,4.666666667,5.023166667,1,1.463333333,1.833333333,2.968333333,0.833333333,1.505,1,0.842981192,2130.820546
Exp56R,male,wild,WT,epsilon,000794875e,19,2038.137,824.5,2.377572167,7320.5,42.82754111,6534,22.80255611,45.20511444,129.6666667,0.310686117,4.135068548,25.17055134,258.6091684,1.93135324,138.6341194,12.669245,9.971063944,2.009677772,24.83663382,37.6299627,0.403796982,88.662675,17.68541661,46.49792833,22.89344667,1.666666667,1.859666667,6.333333333,9.670333333,8,11.53,0.001213997,27.69478892,467.6666667,8.974957778,199.8333333,229.8333333,0.832750894,0.957766461,2.166666667,3.012833333,4.5,6.399333333,6.666666667,9.412166667,0.666666667,0.7215,1.833333333,3.81,1.166666667,3.0885,0.624674913,0.686208209,2168.705842
Exp56R,male,wild,WT,alpha,00079490ab,19,2542.376,1028,3.914088833,6142,34.27195778,5233.5,17.59610833,38.18604778,254,0.881333328,5.255052552,31.71776898,358.4886201,2.202029904,157.351875,9.831139444,4.798466667,1.396111117,29.62899333,22.58641769,0.377369864,72.78302,13.17507217,37.71980778,19.74595611,23,39.11,5.166666667,9.195666667,28.16666667,48.30566667,-0.008617909,32.62431895,350.6666667,4.960202778,125.6666667,147.1666667,0.52368266,0.613281471,2.5,3.130166667,1.833333333,2.052,4.333333333,5.182166667,0.833333333,0.700666667,1.5,1.541833333,0.666666667,0.841166667,1,0.699443393,2412.247764
Exp56R,male,wild,WT,delta,000794a12a,19,2077.868,886.3333333,2.747475056,7268.333333,43.85785,6493.166667,23.98886444,46.60532556,218.3333333,0.791030561,3.872643678,29.93669758,322.0844074,1.984231358,132.4695389,17.04238,8.333372278,2.163266667,25.2532114,22.29518045,0.349494208,90.45412556,16.93927783,49.15358389,23.40504167,2,1.6775,13.83333333,24.576,15.83333333,26.2535,0.016254612,27.38834646,435.6666667,8.303194444,191.5,206.5,0.798016837,0.86052349,1.333333333,1.716333333,4,4.869833333,5.333333333,6.586166667,1.5,3.348833333,1.666666667,3.473833333,0.166666667,0.125,0.845892888,0.784634238,2121.751272
Exp56L,male,wild,WT,epsilon,7947370,19,1882.776,667.5,1.932099944,5925,37.65113833,5146.666667,18.06243,39.58323944,114.6666667,0.312027778,3.843491875,30.83652521,232.992407,1.906227487,145.2878194,13.99540556,0.782999994,1.160652783,28.48640717,35.57574648,0.315964785,75.12956611,15.38191661,38.40590278,20.09436167,2.833333333,3.119833333,9,10.75583333,11.83333333,13.87566667,0.002478139,35.06761686,243.1666667,3.671722222,116.8333333,119.5,0.48945532,0.500792087,0.833333333,1.244833333,6.5,8.018666667,7.333333333,9.2635,1.666666667,3.359333333,2.166666667,4.041666667,0.5,0.682333333,1,0.896035596,1961.567387
Exp56L,male,wild,WT,beta,7948045,19,2318.6,746.1666667,2.400472167,6148.666667,36.04373667,5352,19.37114944,38.44420833,153.3333333,0.411427772,3.564088516,24.67876101,252.1981938,1.734296255,148.9110083,12.67278328,2.082833333,2.067349994,26.86210817,53.41542991,0.329523869,72.828995,12.23902772,38.28709722,20.61053333,9.166666667,13.30733333,5.5,6.5105,14.66666667,19.81783333,0.000424555,32.97765866,230.3333333,3.177341667,110.8333333,122.3333333,0.479894527,0.526028151,2,1.804833333,4.5,3.045833333,6.5,4.850666667,1.833333333,2.843666667,2.666666667,4.9245,0.833333333,2.080833333,0.805300362,0.916452303,2236.853262
Exp56R,male,wild,WT,beta,79483,19,2222.947,864.5,2.48985,6071.166667,40.50778111,5226.5,18.87154222,42.99763111,153.5,0.414191672,3.901083613,27.29442556,285.4965875,2.157644332,144.5207972,16.46319444,9.057316611,1.321041667,32.17065353,27.83720713,0.413081445,78.98204111,14.14054994,41.130775,22.18894722,3.833333333,7.437333333,3.5,3.229333333,7.333333333,10.66666667,0.008616809,26.7962588,402.3333333,7.6876,203.5,216.8333333,0.84803178,0.903593185,3.5,5.052166667,4.333333333,6.4535,7.833333333,11.50566667,1.333333333,4.291333333,2,5.502333333,0.666666667,1.211,0.804830728,0.662031691,2218.746877
Exp56L,male,wild,WT,alpha,7948811,19,2485.579,737.3333333,2.174913833,6553.333333,36.86953667,5756.333333,21.52877833,39.04445,110.3333333,0.258141661,3.33598686,26.84219759,239.151684,1.750941107,145.5837778,9.506336056,1.681247217,1.978886117,21.62216891,88.2571743,0.291763455,79.32266944,13.48734994,40.51883889,20.60722778,7.666666667,9.4155,1.833333333,1.528833333,9.5,10.94433333,0.025325078,32.18791017,264.3333333,4.043683333,154.8333333,163.1666667,0.66113,0.695186472,3.5,3.062333333,2.833333333,4.510166667,6.333333333,7.5725,1.833333333,4.320166667,2.333333333,5.1585,0.5,0.838333333,0.75,0.95,2549.394327
Exp57L,female,wild,WT,alpha,0007944fe9,22,2330.924,1125.833333,3.4394445,5941.333333,38.75772167,4573,15.34168328,42.19716667,148.5,0.351594444,4.817572759,38.47666601,322.0733122,2.203690493,134.6694639,6.676041667,1.606975,1.090213894,20.87789034,68.46712265,0.149667307,98.62195278,20.84029778,39.93384944,19.88326939,7.5,7.98,2.166666667,1.8305,9.666666667,9.8105,0.011018541,22.55840461,295.8333333,4.073219444,156.8333333,168.3333333,0.653559188,0.701484614,4,6.494166667,6,7.098333333,10,13.5925,2.166666667,4.9745,5.166666667,9.401666667,3,4.427166667,1,0.905246023,2374.865041
Exp57L,female,wild,WT,epsilon,0007945a2c,22,2114.995,834.5,2.511338833,4647.166667,27.05525222,3655.166667,12.56749172,29.56659222,119.8333333,0.252786112,6.229840359,46.43020601,229.4990233,2.151192316,159.8996028,3.973969389,1.123452772,0.512733339,9.584641562,39.21336977,0.125289879,76.09389167,9.933891667,30.68864722,15.62155006,3.333333333,3.4485,3,2.968666667,6.333333333,6.417166667,0.012543383,20.92981304,231.5,3.323336056,117.6666667,120,0.49034116,0.500064822,4.833333333,5.122333333,1.833333333,3.270166667,6.666666667,8.3925,2.5,3.388833333,4,6.938333333,1.5,3.5495,1,0.784427366,2187.625493
Exp57R,female,wild,WT,alpha,0007945c9b,22,2410.714,1401.333333,4.0522055,8339.833333,52.13663111,6729.666667,20.65828833,56.18883611,176.5,0.35961945,4.702267785,35.53496523,394.2883218,2.43040558,106.6293056,8.877441722,4.154552772,1.51715,22.54432844,25.58679561,0.169514385,124.4614222,7.68405,51.89543833,30.33808944,10.33333333,14.047,3.833333333,3.838666667,14.16666667,17.88566667,0.024757639,37.06588826,617.3333333,8.469816722,400.8333333,423.1666667,1.670361965,1.763429974,6,11.45066667,3.833333333,5.406833333,9.833333333,16.8575,3.833333333,6.063,6.333333333,11.01333333,2.5,4.950333333,0.768412773,0.706168397,2402.655639
Exp57L,female,wild,WT,delta,0007945de2,22,2129.747,615.8333333,1.699555556,3864.333333,26.34417778,3030.666667,10.16043328,28.04373333,76.83333333,0.127325001,4.434629529,34.21984443,189.0619183,2.331940581,165.4807472,7.006911111,1.475855556,1.17751945,14.58539555,41.17156848,0.214685022,67.479805,7.764541111,25.40122444,14.82977506,1.333333333,1.2395,2,1.364833333,3.333333333,2.604333333,0.009418237,22.2209864,261.6666667,3.509144444,129.6666667,136.3333333,0.540352481,0.568132229,1.666666667,2.252333333,5.333333333,6.124333333,7,8.376666667,2.833333333,3.948,3.833333333,5.5835,1,1.6355,0.800556398,0.77414387,2119.074643
Exp57L,female,wild,WT,beta,0007947d6d,22,2273.01,765.3333333,2.351224944,4581,30.29856944,3565.833333,11.76841394,32.64979389,102,0.191447223,7.211555822,44.26830793,230.9026284,2.222695121,150.5030278,5.571349944,0.238911117,1.388402772,16.4604464,59.38322536,0.132809772,83.89308611,10.91389944,31.04593667,15.95207228,4.5,4.098666667,2.166666667,2.010833333,6.666666667,6.1095,0.013837403,23.30318233,228.3333333,2.9838805,117.3333333,125.8333333,0.488948867,0.524368574,3.833333333,3.937166667,2.166666667,3.052,6,6.989166667,2.5,4.263333333,4.166666667,6.661833333,1.666666667,2.3985,0.781578067,0.645114217,2282.099194
Exp57R,female,wild,WT,delta,0007947d79,22,2162.899,1342.333333,4.164350056,10294.5,63.43664944,8921.666667,27.35694667,67.601,202,0.380291667,3.41937268,28.91178788,411.5611559,2.196104753,94.1826,11.1605,4.014305561,0.907947222,20.25253617,25.50325168,0.157989746,134.6250633,8.333091722,65.49988944,35.43758111,3,3.000166667,5.333333333,4.703666667,8.333333333,7.703833333,0.013263349,39.06039646,615,9.932013889,388,386.8333333,1.616882992,1.612022576,4.666666667,7.518166667,12.16666667,17.90616667,16.83333333,25.42433333,4.833333333,11.021,7,14.02116667,2.166666667,3.000166667,1,0.776876258,2177.144206
Exp57R,female,wild,WT,beta,00079481c8,22,2268.801,1072.666667,3.095436056,7293.333333,43.41700778,6115,19.22250556,46.512445,142.8333333,0.250036111,4.365293642,32.63633724,300.9026077,2.150302696,132.8527361,8.180002722,2.907886117,0.807277778,15.16839725,20.04437238,0.167484548,98.935425,5.315719389,43.95457444,25.71431111,3,2.745166667,1.5,1.317833333,4.5,4.063,0.010414661,34.10152093,505,7.708833389,304.6666667,307.8333333,1.269604775,1.282802146,3.666666667,4.528833333,7.333333333,9.858166667,11,14.387,2.833333333,4.817666667,4.333333333,8.807166667,1.5,3.9895,0.75,0.671714276,2209.881023
Exp57L,female,wild,WT,gamma,00079485fe,22,2151.339,869.8333333,2.792425056,6177.333333,39.84615333,5160,19.05739439,42.63857722,139,0.375836112,5.076123754,33.73243178,300.1212858,2.070877685,137.0733222,8.459769389,1.438649994,1.837983339,14.00174912,62.75780544,0.18266914,94.43437556,18.94831667,39.09533278,25.41741661,3.333333333,3.252666667,10.66666667,11.8445,14,15.09716667,0.013518582,24.90053217,296.3333333,4.088086111,166.1666667,157.6666667,0.69244996,0.657026865,2.833333333,4.288666667,10.83333333,13.232,13.66666667,17.52066667,4.333333333,8.155833333,5.333333333,10.71666667,1,2.560833333,1,0.89663437,2053.933021
Exp57R,female,wild,WT,gamma,0007948d25,22,2233.817,1002.166667,2.675116667,6633.5,43.05712278,5462.666667,17.19879167,45.73223944,127.3333333,0.199594439,4.050344445,31.48280772,292.3019296,2.281922213,132.6615917,8.2564195,3.173577783,0.138147222,17.9605196,23.54476293,0.161619408,99.05015333,4.921580556,38.74438833,29.87275,2,1.797166667,2,1.716166667,4,3.513333333,0.004106301,34.8305574,479.1666667,7.028797278,288,306,1.200166624,1.275178254,5,6.976333333,3.333333333,5.3195,8.333333333,12.29583333,3.166666667,7.158833333,4.333333333,9.877666667,1.166666667,2.718833333,1,0.866706257,2191.725336
Exp57R,female,wild,WT,epsilon,7945855,22,1949.721,1345.333333,4.216899944,9030.666667,56.90390556,7610.333333,23.06395222,61.120805,189.8333333,0.409580561,3.586504199,29.44591591,404.7616491,2.163025723,101.7562528,10.17054444,2.866566667,1.406313889,23.16943243,18.79424909,0.153236347,128.0413661,14.29020833,56.12918889,32.39050278,3.166666667,2.9325,8.833333333,12.94566667,12,15.87816667,0.010591784,37.68614278,547.5,8.081511167,274.5,286.6666667,1.143894469,1.194593552,3.833333333,5.453166667,8.333333333,12.71033333,12.16666667,18.1635,2.166666667,3.236833333,4.5,7.146,2.333333333,3.909166667,1,0.850520234,2046.942035
Exp58L,male,wild,WT,gamma,00079451fd,23,2093.911,995.5,3.555230556,7020.166667,43.89282444,5890.833333,21.068105,47.448055,230.6666667,0.696802778,3.763630191,26.10104917,357.6305053,1.887187141,123.7665528,21.08432222,0.519086106,1.479913894,40.71433887,45.13114965,0.271523515,95.11623,14.56461117,43.85674167,26.34225889,10,11.98216667,14.83333333,21.83516667,24.83333333,33.81733333,0.0120447,35.96092086,322.1666667,3.379866722,151.5,153,0.631342814,0.637595343,1,1.25,4,4.236666667,5,5.486666667,2.5,5.133,3.333333333,7.265666667,0.833333333,2.132666667,1,0.927982099,2077.720751
Exp58L,male,wild,WT,alpha,0007945de2,23,2622.383,916.5,3.352469444,5900.666667,35.80531444,4901.166667,17.14432556,39.15778389,186,0.572247222,5.864043135,36.93801417,323.8887382,1.966623411,155.2710611,9.9513555,0.285830561,1.057624994,25.16976773,48.04814472,0.213713964,74.74468556,10.29341106,36.52303056,21.14276444,18.83333333,25.8395,4.666666667,5.364166667,23.5,31.20366667,0.028652421,33.03489954,234.8333333,2.503663889,106.5,116,0.443810808,0.483397803,2.5,2.588166667,1.333333333,1.465833333,3.833333333,4.054,1,2.349,2.333333333,6.950833333,1.333333333,4.601833333,1,0.905020233,2583.993691
Exp58L,male,wild,WT,beta,0007946e6f,23,2209.136,1066.833333,4.091836167,6849.333333,38.07919778,5834,23.67921722,42.17103278,268.8333333,1.061702778,5.189838936,30.44272106,385.2382073,2.000491521,129.6422222,16.41318894,1.023708339,1.394533328,36.7968452,31.62885517,0.243624548,93.91170333,12.67128894,42.29945556,25.81898833,10.66666667,12.0255,14.33333333,17.84,25,29.8655,0.013610514,37.38426121,309.6666667,2.570063889,115.3333333,113.6666667,0.480628296,0.473683775,1.166666667,0.789,3.166666667,5.4955,4.333333333,6.2845,2.5,7.896166667,3.666666667,9.667,1.166666667,1.770833333,1,0.771306333,2227.013057
Exp58R,male,wild,WT,alpha,00079474dd,23,2432.68,1018.833333,2.324338833,10273.83333,61.71654444,9434.166667,30.27893333,64.04088278,128.6666667,0.207375,2.847977721,23.86155076,315.9327615,2.130868148,112.1737556,15.64836383,8.551561167,1.307772217,19.08561468,23.54436307,0.31801468,112.1470744,14.47422228,62.037325,33.81621944,6.5,9.423,1.666666667,1.797166667,8.166666667,11.22016667,0.0030532,35.99064891,670.3333333,14.68609444,475.1666667,507.5,1.980135156,2.114875489,9.333333333,13.57516667,8.833333333,9.9485,18.16666667,23.52366667,5.166666667,10.35416667,8.166666667,17.14033333,3,6.786166667,1,1,2483.646321
Exp58R,male,wild,WT,gamma,00079477ca,23,2086.384,978.1666667,2.391763889,9014.666667,51.64245889,8127.333333,25.14559944,54.03422278,129.3333333,0.212586112,2.76536473,23.90244946,285.7996551,2.218220394,139.7812722,8.589236111,5.491155611,1.060852772,15.08509997,33.42085171,0.288842242,91.598695,6.415824944,50.35105278,30.17974778,2.5,2.583,3.666666667,5.535166667,6.166666667,8.118166667,0.02492698,29.78725848,710.5,14.59105556,560.8333333,562.8333333,2.337121299,2.345453803,9.333333333,13.2135,8.666666667,9.5625,18,22.776,2.666666667,6.659,6,13.76066667,3.333333333,7.101666667,1,0.801499055,2041.110017
Exp58L,male,wild,WT,delta,00079481c8,23,2071.935,864.1666667,3.111438833,6072.166667,40.43822222,5211,20.99112,43.54966056,232,0.855205611,7.651224726,43.19338467,348.5189853,2.111299979,139.3620806,13.06443889,7.755116667,2.200041661,33.04607174,27.71222022,0.369301507,87.54058389,11.70042778,47.23379167,19.13471444,15.5,24.9795,13.83333333,19.40866667,29.33333333,44.38816667,0.018475568,34.07988763,323.6666667,3.602819444,128.5,159.5,0.535491119,0.664679332,1.5,2.276,1.666666667,1.541333333,3.166666667,3.817333333,0.5,0.637666667,1.666666667,3.663666667,1.166666667,3.026,1,0.687592813,2144.24931
Exp58R,male,wild,WT,beta,7945855,23,2326.989,1463,3.765216611,12817.83333,74.00866611,11474.16667,35.83861167,77.77388389,148.3333333,0.247211112,2.857396676,24.14990648,411.2283278,2.024418893,96.32405278,15.24963617,7.183658389,1.061375006,26.08623655,30.58721134,0.223685333,128.3955056,16.92859728,77.96002778,37.53378556,2.833333333,3.075833333,2.5,3.3565,5.333333333,6.432333333,0.01133967,35.86894602,730.5,14.61866117,481.5,476.3333333,2.006527504,1.984996465,6,7.213166667,12.83333333,16.02683333,18.83333333,23.24,5.333333333,13.31233333,7.833333333,21.04416667,2.5,7.731833333,1,0.78823293,2244.128767
Exp58L,male,wild,WT,epsilon,7946132,23,1997.408,785.8333333,3.008777722,6268.666667,36.94247833,5483.333333,20.64287556,39.95125556,231,0.918472278,4.885691115,29.01813532,319.6887567,1.925205233,141.1358722,14.26808606,1.868369439,1.086391667,26.21223431,40.67196347,0.297676248,84.56314722,11.69588606,41.19743389,21.09514944,8.833333333,12.25216667,16.16666667,22.63083333,25,34.883,0.006351881,36.44858088,231.6666667,2.526475,114.5,116,0.477152596,0.483404774,1,1.440333333,2.166666667,1.507833333,3.166666667,2.948166667,2.666666667,7.005333333,3,7.364666667,0.333333333,0.359333333,1,0.715322139,1944.688202
Exp58R,male,wild,WT,delta,7948811,23,1959.55,668.3333333,1.771241722,5809.333333,33.17408944,5337.166667,17.54548556,34.94533,88.16666667,0.145147223,2.558766292,20.98846958,190.5946108,2.057825364,168.6966278,6.468327722,2.331333333,0.344852783,11.4597137,19.21091013,0.27443439,64.80423833,5.921380556,28.10016333,25.51473833,0.833333333,0.880333333,2.333333333,1.9635,3.166666667,2.843833333,0.012137986,23.59940949,400.6666667,8.427963944,299.5,297.1666667,1.248089957,1.23836463,3.833333333,5.0275,6,9.158666667,9.833333333,14.18616667,2.833333333,5.896333333,3.833333333,7.7085,1,1.812166667,1,0.916873415,2002.430772
Exp58R,male,wild,WT,epsilon,7949211,23,1955.585,1096.666667,2.941850056,11038.16667,63.19464167,10046.16667,30.87113333,66.13649222,128.6666667,0.215808334,2.598485006,23.54126391,330.0459247,2.03525827,117.9490778,12.4404,4.101338944,2.058172222,21.16906623,24.16977137,0.264118904,109.5797172,10.50486667,53.429175,45.15804444,1,0.734333333,3.5,4.044166667,4.5,4.7785,0.022521967,34.41709068,672.3333333,14.75305278,574.3333333,585.1666667,2.393390889,2.438536833,6.166666667,7.763333333,17,27.22,23.16666667,34.98333333,6,11.7075,9,17.29383333,3,5.586333333,1,0.923006784,2025.810515
Exp61R,female,wild,WT,beta,000715d48d,26,2299.033,1008.333333,2.724302722,6407.666667,43.54795278,5263.5,15.467555,46.272255,147.5,0.268772228,3.315845015,29.55849702,298.7593041,2.102535459,145.2683,7.671786167,2.582147167,2.063988833,16.87641791,16.58538404,0.166658838,87.03027444,5.671699944,48.42045833,19.19388944,3.833333333,5.197166667,2.333333333,2.424666667,6.166666667,7.621833333,0.01823168,25.83782063,491.3333333,8.104474944,277,291.5,1.154302812,1.214729234,5.333333333,12.75016667,4.666666667,5.3695,10,18.11966667,1.666666667,7.052,3.333333333,18.36966667,1.666666667,11.31766667,1,0.706461099,2161.938643
Exp61L,female,wild,WT,alpha,0007946daf,26,2440.308,1206.166667,3.737858389,6477.166667,41.03704222,5018.333333,15.76833556,44.77489944,144.1666667,0.266822222,4.247673038,37.88029509,326.4674328,2.506933874,126.8394639,6.959636167,1.984969444,3.271591611,17.58531458,61.50782554,0.166464985,106.1692439,13.52856117,56.83666111,15.93573278,1.5,1.469,0.5,0.3595,2,1.8285,0.004333727,26.33094401,400.1666667,8.52935,219.8333333,224,0.916089953,0.933455319,8.333333333,10.83283333,9.833333333,19.82116667,18.16666667,30.654,4.5,8.883,6.666666667,14.7835,2.166666667,5.9005,1,0.756775394,2352.135063
Exp61L,female,wild,WT,delta,00079477ca,26,2032.699,692,2.210702778,4332.333333,29.04831944,3422.833333,11.33913944,31.25902222,86.66666667,0.125452778,4.091981561,32.49880613,213.5719966,2.504912524,147.2030167,6.700397167,0.611763889,1.900269389,17.04387673,51.17346589,0.162065424,86.06493278,9.532194389,41.15451444,14.09068111,0.666666667,0.5965,1.5,1.414,2.166666667,2.0105,0.002971034,25.55554165,346,7.989105611,176.8333333,180.5,0.736909186,0.752190083,7,34.5325,11.5,31.36083333,18.5,65.89333333,3.5,7.749833333,5.333333333,12.34083333,1.833333333,4.591,1,0.914137877,2056.439904
Exp61L,female,wild,WT,beta,0007947d6d,26,2371.109,858.3333333,2.496041667,4801.5,33.56305889,3734.333333,11.54881944,36.05910056,123.3333333,0.230997223,8.586346034,55.8619237,251.2979763,2.608579938,152.8262917,9.927216722,0.481116667,1.382563889,21.25206677,52.71562978,0.196584924,77.21483056,5.920094444,37.26452833,16.34051444,5.166666667,6.834,1.666666667,1.705666667,6.833333333,8.539666667,0.000889283,23.61747634,333.8333333,6.972777778,190.8333333,191.1666667,0.795225647,0.796613274,6.666666667,12.39233333,4.666666667,8.442166667,11.33333333,20.8345,3,5.5655,5,9.700833333,2,4.135333333,0.77135531,0.670124625,2312.672127
Exp61R,female,wild,WT,delta,00079481c8,26,2138.304,1156.333333,3.184402722,8184.333333,52.17938611,6895.666667,20.40672,55.36378833,156.3333333,0.275175,3.796039662,32.26043371,345.7257471,2.434353916,112.4837861,7.823833389,2.812355556,1.660297167,17.50177762,23.21136513,0.151755769,119.6627361,12.12053889,54.80922167,32.79479722,2.833333333,3.0235,4.833333333,6.452166667,7.666666667,9.475666667,0.005145329,35.93038276,544.1666667,10.90083606,271.6666667,267.3333333,1.13208712,1.114031967,4.666666667,5.177333333,11.5,29.98433333,16.16666667,35.16166667,5.666666667,29.74216667,8.166666667,36.25,2.5,6.507833333,1,0.623265821,2223.169479
Exp61L,female,wild,WT,gamma,7945855,26,2218.994,724.1666667,1.973052722,5097,32.89094722,4189.666667,14.35111333,34.86399944,71.66666667,0.118097222,5.134990128,37.13614647,223.5504283,2.307354937,147.2745806,9.80815,0.203675,1.855211111,18.7103042,24.6701444,0.180202024,82.88560889,7.6511055,34.78594778,16.468005,1.833333333,1.6825,1.166666667,1.010666667,3,2.693166667,0.011488056,24.83248347,319.1666667,6.127361056,197.5,203.5,0.823012101,0.848013699,4,15.16666667,10.5,13.73783333,14.5,28.9045,4.333333333,10.34283333,5.5,12.23366667,1.166666667,1.890833333,0.758144053,0.610111765,2235.461224
Exp61R,female,wild,WT,gamma,7945983,26,2229.671,1055.666667,2.595652722,7218.166667,48.38802167,5920.5,17.94253278,50.98367556,150.3333333,0.264219439,3.963622628,34.96171044,317.9846074,2.452637506,119.2791944,7.451088889,3.784361056,0.984055556,15.83518915,30.7123063,0.159025682,113.2400861,6.476827722,46.89733556,30.59925778,2,1.724,1.833333333,1.664166667,3.833333333,3.388166667,0.02659226,36.18859733,527.8333333,8.415283389,285.3333333,297.3333333,1.189040928,1.239046876,5.166666667,6.846166667,8.333333333,16.682,13.5,23.52816667,4.666666667,22.0105,7.833333333,30.612,3.166666667,8.6015,0.781332824,0.717190228,2294.755029
Exp61R,female,wild,WT,alpha,7946963,26,2320.078,1314.333333,3.696102833,8709.333333,55.660325,7175.666667,21.616345,59.35642833,162.8333333,0.280383339,3.669565129,33.18391811,374.2743244,2.450941984,105.6549861,6.725730611,2.366966611,0.545038944,16.75212755,35.2960294,0.117843292,127.5896522,14.38818611,50.08761111,40.87283056,2.833333333,2.651166667,1.833333333,1.547,4.666666667,4.198166667,0.024034618,39.5674373,483,8.6536445,272.5,285,1.135564993,1.187657871,5.666666667,14.422,10,10.02883333,15.66666667,24.45083333,3.333333333,7.432166667,6,12.47883333,2.666666667,5.046666667,0.781471995,0.724874267,2247.201281
Exp61L,female,wild,WT,epsilon,7948757,26,1854.366,929.3333333,2.659166722,6505.166667,44.16125833,5280.833333,18.01164778,46.82042556,130.6666667,0.235616667,4.788354128,35.01776961,300.4180998,2.155125088,111.4734389,14.76251672,0.92285,1.700586111,36.29641411,31.46274076,0.189803468,113.7323783,19.88173894,56.97763556,20.51766444,0.5,0.572833333,4.833333333,6.665,5.333333333,7.237833333,-0.002411623,28.08379425,326.8333333,7.561572278,173.3333333,172,0.722314741,0.716759188,5,14.89766667,10,38.66433333,15,53.562,2.5,5.129833333,4.833333333,8.913833333,2.333333333,3.784,1,0.915709855,1987.23028
Exp61R,female,wild,WT,epsilon,7949211,26,2077.06,1237.833333,3.425836167,7276.5,46.45574389,5834.333333,17.12502833,49.88158056,135,0.235561117,4.315993811,38.99546657,344.9576485,2.556107108,134.9122444,5.6187305,2.5908,1.4724,16.50169253,21.62762349,0.159124117,99.43938,5.198805556,45.91904667,26.96601889,1.666666667,1.531166667,2.333333333,2.039,4,3.570166667,0.020861798,32.97304549,535.3333333,8.447372222,247.8333333,258,1.032763808,1.075129229,7.166666667,14.0625,7.333333333,15.26333333,14.5,29.32583333,4.333333333,9.580666667,6.166666667,21.20066667,1.833333333,11.62,1,0.764494341,2111.691556
Exp66R,female,wild,WT,alpha,000715a0a0,35,2554.998,1330,3.357488833,9777.833333,67.12450611,8039.166667,23.03747167,70.48199444,95.83333333,0.138858333,3.218196444,32.49089774,396.7502495,2.217690642,129.1578939,8.820108333,2.852497228,2.343197222,42.9763743,25.47509121,0.165413475,116.1867672,11.63252494,70.45694944,24.54439444,5.666666667,5.878,2.5,2.088833333,8.166666667,7.966833333,0.019131299,33.91533109,805,10.61894172,504.6666667,539.3333333,1.986675683,2.122204582,6.5,7.645833333,9,10.565,15.5,18.21083333,5,10.742,9,18.37983333,4,7.637833333,1,0.880052982,2464.044482
Exp66R,female,wild,WT,beta,000794632b,35,2295.149,1331,3.593602722,9148,64.62261111,7360.666667,21.65590278,68.21621333,123.5,0.188569439,4.652417632,39.57786322,413.4384968,2.457264045,125.6523672,9.758166667,2.120711106,3.379144389,31.29100197,25.20287653,0.170143652,118.7542356,14.16385561,65.09425889,26.39557778,3.666666667,3.862333333,3.5,3.065166667,7.166666667,6.9275,0.013409449,34.08607074,829.8333333,9.626808389,514.3333333,537.8333333,2.028300241,2.121014857,5.5,7.310166667,12.83333333,14.6995,18.33333333,22.00966667,5.5,11.07566667,7.666666667,14.83616667,2.166666667,3.7605,1,0.952635614,2344.657103
Exp66R,female,wild,WT,epsilon,7945556,35,1986.544,1932.666667,6.323341722,7533.333333,67.50523333,5288.333333,15.48903889,73.82857556,146,0.209466672,5.711078476,44.50530208,626.7147671,2.476220606,144.2282444,11.16886722,1.387066672,2.207086111,34.34147077,11.41707148,0.184162927,98.76765778,4.783269444,72.90226667,17.44374444,4.333333333,3.492,5.333333333,6.818333333,9.666666667,10.31033333,0.023441591,28.57679024,756.3333333,8.69655,445.5,472.1666667,1.750148693,1.854081751,6.5,8.9685,7.166666667,11.34583333,13.66666667,20.31433333,3.166666667,4.510333333,7,11.23166667,3.833333333,6.721333333,1,0.813631053,2161.56713
Exp66R,female,wild,WT,gamma,7946132,35,2274.223,1265.166667,3.483311056,9685.5,59.901255,8015.666667,23.17815778,63.38456722,119.8333333,0.178252778,3.198584649,31.89841744,366.9143296,2.163720149,127.8016089,13.43598556,1.390847228,2.483116611,36.5558572,27.18006284,0.168582321,112.927175,10.88818611,67.27173611,20.99868611,1.666666667,1.239666667,2.5,1.716333333,4.166666667,2.956,0.023273539,33.26702959,782.5,9.660416667,492.5,515,1.932000935,2.019626427,5.833333333,6.124333333,7.666666667,8.109333333,13.5,14.23366667,4.333333333,5.852,7.166666667,11.37533333,2.833333333,5.523333333,1,0.89252794,1978.234573
Exp66R,female,wild,WT,delta,7948045,35,2063.088,1239.333333,3.480666611,9021.666667,58.33806667,7394.833333,21.880655,61.81873278,115.5,0.1708,3.645657371,34.2428691,371.8899124,2.235813041,133.3100006,11.66495556,1.771377783,2.899588944,36.02899953,18.74645639,0.182250136,109.1898133,9.691972278,64.04745333,21.23180889,1,1.200666667,2.5,1.984,3.5,3.184666667,0.007168688,31.50249422,736.3333333,8.3637445,506.6666667,524.5,1.995849373,2.066384859,4.833333333,6.6425,8.166666667,10.57,13,17.2125,5.5,9.471166667,7.666666667,12.57016667,2.166666667,3.099,1,0.862936312,2048.566929
Exp67L,female,wild,WT,alpha,0006e9dbcd,36,2589.349,1165.166667,2.944383389,10001.83333,66.56997778,8469.5,25.98593,69.51436167,110.8333333,0.171925001,2.803213741,28.64985788,354.8554732,2.140067925,118.7613028,8.738888944,2.136558333,3.242163889,25.60691028,20.03191474,0.180332876,113.370555,14.1240945,68.43986111,28.24636394,5.166666667,3.8615,0.5,0.401166667,5.666666667,4.262666667,0.00581187,33.15121628,644.5,10.98666383,367,370.8333333,1.523715322,1.538749631,7.5,10.748,12.33333333,17.8415,19.83333333,28.5895,6.666666667,16.00533333,8.5,19.30733333,1.833333333,3.302,1,0.913508858,2536.719894
Exp67L,female,wild,WT,epsilon,0007158ef6,36,1996.007,1152,3.046408389,6746.166667,46.87148944,5354.833333,15.59148389,49.91789667,91.83333333,0.136474999,3.385685837,34.36487235,308.0636639,2.385395175,159.2462417,6.2642305,1.338752778,1.803058328,23.7001236,14.92739465,0.210524532,75.36026722,7.489669389,53.31256111,13.02859728,1.666666667,1.218833333,4.333333333,3.371,6,4.589833333,0.025308335,21.43112962,545.6666667,8.934699944,293.6666667,302.5,1.216539088,1.252718136,6.833333333,9.083333333,10.33333333,13.6185,17.16666667,22.70183333,3.166666667,6.603666667,6.333333333,14.03083333,3.166666667,7.427166667,1,0.856629339,2142.848878
Exp67L,female,wild,WT,beta,000715a68a,36,2312.822,1146.166667,3.111933278,8011.5,48.57056167,6519.5,20.08408611,51.68249444,107.1666667,0.168283333,2.96131933,30.56175969,308.1286555,2.328512572,135.8278583,7.285977722,1.395644444,2.665558328,24.24922132,26.28570694,0.176305923,97.75691167,9.4375945,52.50062778,20.62583606,3.5,2.5685,3.333333333,2.528333333,6.833333333,5.096833333,0.018014751,30.3242007,612.3333333,10.28212783,353.8333333,353,1.468707214,1.464571481,7.833333333,10.12733333,10.5,16.95816667,18.33333333,27.0855,4.166666667,10.30166667,7.333333333,17.40866667,3.166666667,7.107,0.795989072,0.82416714,2300.701527
Exp67L,female,wild,WT,gamma,000715d6ff,36,2193.458,1446.666667,4.0891945,8951.166667,56.36098944,7180.833333,21.30969944,60.45018278,105.6666667,0.165247223,3.530594684,33.86684677,386.5591827,2.3104529,134.2846944,5.521461111,1.551661106,3.05149445,21.7359432,25.32717125,0.163199059,101.0645883,17.1288445,64.28364167,18.69583606,1.166666667,0.8415,2.333333333,1.715833333,3.5,2.557333333,0.014719846,30.46757832,578.8333333,9.503355611,343,360.1666667,1.422589604,1.493727604,6.833333333,9.289,11,12.8515,17.83333333,22.1405,3.333333333,8.448166667,6.166666667,15.667,2.833333333,7.218833333,0.805196763,0.929935246,2023.878317
Exp67L,female,wild,WT,delta,0007946e6f,36,2098.694,1066,2.7692805,7503.833333,47.14736944,6144.666667,17.44937278,49.91664944,85.5,0.135425001,3.590961719,36.39600601,276.8599333,2.14823775,146.500125,3.9388945,1.092141672,2.184538894,15.17836259,17.11665033,0.142290624,90.43172556,12.21578889,47.46785556,21.19923894,0.5,0.546833333,1.5,1.020833333,2,1.567666667,0.004587172,28.27836052,516.3333333,8.247658389,290.8333333,291.8333333,1.207476365,1.2118135,5.333333333,7.586333333,5.666666667,6.739,11,14.32533333,4,9.206666667,6.333333333,15.16483333,2.333333333,5.958166667,1,0.818774865,2120.659292
Exp68L,male,wild,WT,epsilon,000715a74e,37,1851.061,1744,7.425869444,10038.33333,63.40333556,8873,40.47065333,70.829205,861.8333333,1.993702783,5.507225835,31.72291124,703.2517513,2.056451365,54.962205,39.76594222,4.988394444,0.251338894,66.80041684,11.00162539,0.240574499,145.2401778,6.086883389,55.48626722,55.17805333,6.833333333,3.568,30.83333333,18.76566667,37.66666667,22.33366667,-0.010276022,56.05302901,437.1666667,3.304658333,127.1666667,120,0.529920163,0.500054332,1.333333333,0.698,4.166666667,4.914166667,5.5,5.612166667,3.333333333,4.432666667,4.5,5.4195,1.166666667,0.986833333,1,0.945736662,1899.329682
Exp68L,male,wild,WT,gamma,000794633b,37,2232.99,1643.5,5.843997278,10513.66667,79.26135778,8967.166667,33.26847556,85.10535556,440.6666667,0.932977778,4.307917671,32.13481096,624.6013719,2.13603564,61.86538667,27.90301667,7.081302778,1.05721945,75.34305922,15.04389699,0.224161219,150.1999217,6.304663833,69.64257778,47.89434389,22.66666667,15.11933333,22.83333333,15.9215,45.5,31.04083333,-0.002768928,49.90438517,616.5,6.459488833,216.8333333,239.6666667,0.903584454,0.998739544,5,7.588666667,3.166666667,2.893,8.166666667,10.48166667,3.333333333,5.158666667,7.833333333,16.002,4.5,10.84333333,0.787589656,0.76124761,2304.553942
Exp68L,male,wild,WT,alpha,00079477ca,37,2725.899,1957.666667,7.407513889,8690.333333,55.57909778,6942.333333,23.08893056,62.98661167,558.1666667,1.172522228,6.061341201,46.72862942,615.3403424,2.199193575,126.2813528,11.80896111,4.674266667,0.828575006,50.8813706,19.16906723,0.209396663,101.8780111,4.355855556,59.49070056,29.08770556,47.66666667,32.577,8.5,5.4215,56.16666667,37.9985,0.008812281,44.38488499,512.8333333,3.9054195,129.5,179.8333333,0.539650293,0.74940059,6.166666667,5.9315,1.833333333,1.888333333,8,7.819833333,2.166666667,3.088333333,7.833333333,11.21133333,5.666666667,8.123,0.755853458,0.901170692,2647.248535
Exp68L,male,wild,WT,delta,7946601,37,1983.429,1623.833333,6.168888944,11561,75.01443278,9911.666667,36.60072444,81.18332222,417.8333333,0.883416672,3.480089933,26.51950307,592.7625771,2.083224212,69.34938556,16.69148833,4.923252778,1.883380561,46.54823255,22.41979089,0.181250886,153.9274494,10.91841667,73.15972278,47.19513278,11.66666667,8.181333333,25.5,19.08266667,37.16666667,27.264,0.00952329,53.06595456,541,5.561213889,233.8333333,216.1666667,0.974446559,0.900823688,1.666666667,2.400833333,12.33333333,16.34133333,14,18.74216667,11.83333333,25.60083333,13.16666667,28.32983333,1.333333333,2.729,0.782771184,0.794154741,2012.211117
Exp68L,male,wild,WT,beta,7948811,37,2280.517,741.3333333,2.402938889,4929.666667,34.85162556,3996.5,12.88292722,37.25456444,97.5,0.176202778,3.739451292,32.37655404,250.3419267,2.13240634,155.8590078,7.126725,3.117405556,0.332555556,21.16870221,17.16913206,0.167582167,76.98259222,1.611430556,33.66988556,17.19781667,7.333333333,5.7845,8.5,6.038833333,15.83333333,11.82333333,0.006503794,36.25998179,344.1666667,4.470975,146.3333333,147.1666667,0.609798355,0.613270121,1.5,2.2215,5,6.808333333,6.5,9.029833333,2.833333333,4.325833333,3.666666667,5.567833333,0.833333333,1.242,0.75,0.825414017,2191.574669
