Experiment,sex,Type,Genotype,Hierarchy,Mice.chips,Animal,Last.day.Glicko,RunningTime(N.events),RunningTime(min),WalkingTime(N.events),WalkingTime(min),StaticTime(N.events),StaticTime(min),movementTime(min),RunningTimeHighVelocity(N.events),RunningTimeHighVelocity(min),Median/mean.speed.(cm/sec),Median/mean.Aceleration.(cm/sec^2),Distance.traveled.(m),Angular.velocity.(rad/sec),sleepingSumTime(min),hidingSumTime(min),eatingSumTime(min),drinkingSumTime(min),Frequency.visits.the.hiding.boxes.(1/hour),Frequency.visits.outside.sleeping.box.(1/hour),ROI.exploration.(bits/hour),ArenaSumTime(min),CenterTimeAlone(min),InsideZoneTime(min),OutsideZoneTime(min),Chasing (N events),Chasing duration (sec),Being chased (N events),Being chased duration (sec),Chasing.plus.being.chasing.all(N.events),Chasing.plus.being.chasing.duration(sec),Foraging correlation,Distance pairs(cm),Together (N events),Time together(min),Contact snout-head (N events),Contact snout-rear (N events),Contact snout-head (1/min),Contact snout-rear (1/min),Approaching (N events),Approaching duration (sec),Being approached (N events),Being approached duration (sec),Approach.and.being.events,Approach.and.being.duration.sec,Avoiding (N events),Avoiding duration (sec),Avoid.and.being.events,Avoid.plus.being.duration.sec,Being avoided (N events),Being avoided duration (sec),Last.Day.Stability,Overall.Stability,Glicko.per.day.y
Exp55R,male,wild,WT,epsilon,7947702,18,1956.368,534,1.63435,3408,24.3379,2686,8.16701666666667,25.97225,31,0.0445333333333336,5.63971175297919,45.0094641043113,180.322706591738,2.53602275418027,178.0998,2.78873333333333,2.09513333333333,1.39475,7.2501188213918,42.2506924419039,0.199576031738762,59.1075333333333,9.97798333333333,23.2415666666667,11.4774666666667,0,0.0,0,0.0,0,0.0,0.0273116333042933,15.4550179452954,312,4.86015,123,135,0.512508399443213,0.562509218901088,0,0.0,2,3.688,2,3.688,0,0.0,1,0.641000000000002,1,0.641000000000002,0.652528989484042,0.844897791598485,2200.0
Exp55R,male,wild,WT,alpha,00079474c9,18,2427.503,1275,3.90945,6517,50.5613166666667,4910,15.0445666666667,54.4707666666667,107,0.194533333333334,4.69928125773733,41.750140240005,395.368470384487,2.56192490850425,142.469816666667,4.10491666666667,4.41258333333333,0.827083333333333,13.2502171563367,40.2506596635889,0.17398324432535,93.4213333333333,13.7125666666667,45.6778166666667,24.9802,7,7.281,2,2.172,9,9.453,0.0880095376095348,22.2744185131252,617,9.50418333333333,286,320,1.19168619707934,1.33335518554332,7,6.87500000000001,5,4.98500000000001,12,11.86,2,4.156,5,7.109,3,2.953,0.762783507487587,0.902556701497517,2399.67553851448
Exp55R,male,wild,WT,gamma,0007946e6f,18,2074.581,783,1.818,4222,38.0785,3163,9.19728333333334,39.8965,64,0.0940500000000001,4.30681029314892,39.8414990534409,255.750940604133,2.63873261555937,165.382966666667,2.17686666666667,3.95641666666667,0.270816666666666,8.50013930783866,36.7506023015377,0.160140773140997,72.4362333333333,8.78995,30.6226833333333,19.26355,0,0.0,3,3.438,3,3.438,0.0851697520679575,22.138957994062,425,8.35368333333333,191,192,0.795846376371168,0.800013111325991,5,5.938,7,5.326,12,11.264,5,3.501,6,4.298,1,0.796999999999997,0.794114560637956,0.80223708712083,2037.78782098934
Exp55R,male,wild,WT,delta,00079485fe,18,2064.615,808,2.13035,4154,37.67455,3016,8.47473333333334,39.8049,65,0.0968833333333332,4.87275618715211,48.4804190774665,258.464551966229,2.83744217158292,167.322366666667,3.04093333333333,6.53781666666667,0.225566666666667,8.25013521054928,32.250528550329,0.230132001135585,69.6327666666667,9.96701666666667,35.0353,14.0799166666667,2,2.23399999999999,1,0.953,3,3.18699999999999,0.041336947327994,16.9725845315483,367,6.45671666666667,192,211,0.800013111325991,0.879181075467626,3,4.547,4,3.672,7,8.219,2,3.218,3,6.577,1,3.359,0.81771501836123,0.877590577901075,2323.60164316632
Exp55R,male,wild,WT,beta,0007946daf,18,2291.438,1111,3.52673333333333,6492,51.3484000000001,4987,14.7589,54.8751333333334,105,0.171349999999999,4.60311394568692,40.5258700518933,365.60746344649,2.67049020658108,126.502766666667,12.04145,2.65708333333333,0.0,20.5003359777285,35.5005818150909,0.182146997398159,101.45185,20.5731666666667,42.0466333333333,28.9203,1,0.890999999999998,4,3.84299999999999,5,4.73399999999999,0.0657567156521221,26.0468041558692,413,7.42543333333333,246,253,1.02501679888643,1.05418394357019,1,0.0780000000000001,5,6.64200000000001,6,6.72000000000001,0,0.0,0,0.0,0,0.0,0.75,0.749725598166513,1952.79671366737
Exp56L,male,wild,WT,alpha,7948811,19,2485.579,1048,2.99118333333333,6894,55.8848833333334,5624,18.0605,58.8760666666668,142,0.255400000000001,4.09240538005774,35.3671043382162,379.497922108695,2.23494753288736,105.048416666667,9.73138333333333,3.19585,1.82875,33.9680103923402,217.743656361155,0.69187667085949,91.8852333333333,9.77098333333333,49.9426666666667,28.0129333333333,3,2.548,0,0.0,3,2.548,0.0440761722001445,53.6685040588526,294,4.68405,142,136,0.687102204517423,0.658069717002602,8,5.04700000000001,0,0.0,8,5.04700000000001,0,0.0,2,2.718,2,2.718,0.75,0.95,2499.51330777172
Exp56L,male,wild,WT,epsilon,7947370,19,1882.776,671,2.44038333333333,4691,33.4819833333334,4008,14.47985,35.9223666666667,212,0.684383333333333,3.76297354184016,29.2752790815917,276.351146909586,2.17891990852116,137.3182,9.31126666666667,0.648916666666666,0.0130333333333335,22.6453402615601,42.6777566467864,0.629958493675622,60.0355666666667,5.22246666666667,32.60205,18.9502166666667,3,1.438,5,3.35900000000001,8,4.79700000000001,-0.00271934435218125,53.6864484379799,78,1.67588333333333,23,25,0.111291202140146,0.12096869797842,0,0.0,4,5.282,4,5.282,0,0.0,1,0.484999999999999,1,0.484999999999999,1.0,0.896035595788801,2032.52374673322
Exp56L,male,wild,WT,beta,7948045,19,2318.6,1064,3.21891666666667,8657,66.6310500000001,7444,25.4805833333334,69.8499666666667,219,0.491316666666666,2.95087519891645,25.4961839431636,400.740396636461,2.00574524543144,79.36345,15.2622666666667,6.45048333333333,1.27498333333333,38.9035332698597,116.710599809579,0.61751825343042,112.039316666667,15.8192666666667,67.20405,29.3131833333333,3,2.468,3,2.39199999999999,6,4.85999999999999,0.0243222825838938,52.9024797037396,285,4.97003333333333,161,145,0.779038414981022,0.701618448274833,1,0.25,13,5.60900000000001,14,5.85900000000001,4,4.812,4,4.812,0,0.0,0.805300362075726,0.916452303227132,2200.0
Exp56L,male,wild,WT,delta,0007947d79,19,2079.931,432,1.46696666666667,4067,25.3457833333334,3637,16.7865666666667,26.81275,122,0.270816666666667,3.2070615679366,20.7940094204526,169.087295434339,2.04541770778854,144.0232,5.48358333333333,0.9002,0.0080666666666667,10.7420203804837,55.7423760284557,0.589969230438436,57.15825,6.05233333333333,22.53085,21.9137166666667,2,0.718,1,0.313000000000001,3,1.031,-0.0283351983888694,50.8642081877111,142,2.71723333333333,103,102,0.498391035671088,0.493552287751952,0,0.0,0,0.0,0,0.0,2,1.59400000000001,3,3.26500000000001,1,1.671,1.0,0.842981192440132,2299.83776925724
Exp56L,male,wild,WT,gamma,0007945de2,19,2159.97,1155,4.27521666666667,6333,45.2793500000001,5193,20.1473666666667,49.5545666666667,339,0.952316666666667,4.38310755077617,30.9965723341489,435.008438214056,2.42639881280875,99.2432666666667,25.7475666666667,1.52396666666667,0.0171833333333336,62.7101730320127,74.6134929130892,0.464140268868235,81.6742,12.4936166666667,32.1020166666667,39.1521666666667,2,1.282,4,2.39,6,3.672,-0.00138901257457638,63.8699126912792,67,1.70546666666667,23,21,0.111291202140146,0.101613706301872,1,0.797000000000001,1,0.25,2,1.047,2,3.34200000000001,2,3.34200000000001,0,0.0,1.0,0.923852138494593,2000.32446148552
Exp56R,male,wild,WT,epsilon,000794875e,19,2038.137,1466,3.6185,7939,60.7144500000001,6388,18.3197833333334,64.3329500000001,181,0.266716666666667,3.96334360279574,37.7075176921205,414.804644999463,2.58595536375012,131.836133333333,14.6362,8.0672,2.1534,32.500514591481,55.2508748055178,0.820470795590274,93.5238666666667,11.24265,57.81225,25.9246833333333,0,0.0,1,1.36,1,1.36,0.0199361913083524,28.1130039077283,548,14.11085,237,290,0.987515635664231,1.2083524655807,5,7.984,2,2.547,7,10.531,1,0.953000000000003,3,3.578,2,2.625,0.624674912822131,0.686208209174354,2037.78782098934
Exp56R,male,wild,WT,alpha,00079490ab,19,2542.376,1285,3.90976666666667,7329,54.1954333333335,5890,16.8991333333334,58.1052000000001,172,0.251249999999999,4.75113180307575,44.4711801781597,416.872520578809,2.46851535574203,144.4988,14.2862666666667,5.60583333333333,1.362,35.0005541754411,24.7503918812048,0.863499582234337,81.2111333333333,19.7433833333333,53.51175,22.51295,1,1.36,1,1.047,2,2.407,-0.0266874415181118,37.6342827902345,404,8.0568,138,128,0.575009104310818,0.533341777911484,0,0.0,0,0.0,0,0.0,2,0.469999999999999,3,1.423,1,0.953000000000003,1.0,0.699443393038603,2200.0
Exp56R,male,wild,WT,gamma,0007945c9b,19,2145.451,287,0.6574,1071,11.2377166666667,744,2.12515,11.8951166666667,30,0.0405833333333335,5.63982122806815,52.9144279909114,82.8469482562316,3.0671252464021,212.578716666667,12.4917666666667,1.79473333333333,0.0653666666666667,15.7502493789485,1.00001583358403,3.23824416069547,14.9257166666667,1.84395,13.0228166666667,1.12631666666667,0,0.0,1,1.437,1,1.437,-0.0117439402770747,9.07176019962492,114,1.80338333333333,35,30,0.145835642397671,0.125001979198004,0,0.0,3,5.373,3,5.373,2,1.5,2,1.5,0,0.0,0.640769905369775,0.849810847666273,2037.78782098934
Exp56R,male,wild,WT,delta,000794a12a,19,2077.868,1375,2.96056666666667,10989,87.8568833333331,9425,28.2993500000001,90.8174499999998,193,0.283833333333333,3.04957604428878,30.1758050287177,458.194942797432,2.34123331450047,77.1706833333333,28.959,15.2841166666667,1.91906666666667,40.0006333433613,8.25013062706826,0.475059249361667,133.866516666667,29.4892,85.7132833333333,34.9907666666667,2,1.938,0,0.0,2,1.938,-0.0126930524401816,33.5976616064186,720,16.9664833333333,306,338,1.27502018781964,1.40835563229751,2,2.625,5,7.11,7,9.735,1,2.313,2,3.063,1,0.75,0.845892887705414,0.784634238045586,2447.20328633263
Exp56R,male,wild,WT,beta,79483,19,2222.947,1325,2.98648333333333,7225,59.2492666666668,5725,17.1185333333334,62.2357500000001,234,0.36415,4.28079493007757,39.0355583156904,399.688395784763,2.66722008340548,127.92235,21.6697833333333,5.42286666666667,0.443516666666667,57.0009025142898,30.750486882709,0.665407684119529,90.4040666666667,11.9469,49.82345,30.7356166666667,1,1.437,1,0.891,2,2.328,0.0198835506649379,29.2866515529404,562,12.17655,240,276,1.00001583358403,1.15001820862164,5,7.437,7,11.0,12,18.437,2,4.78,3,7.093,1,2.313,0.804830728297282,0.662031690645868,2200.0
Exp57L,female,wild,WT,epsilon,0007945a2c,22,2114.995,982,2.3067,6686,45.2821333333334,5328,16.4469,47.5888333333334,146,0.2245,3.46390259173775,32.9556327235104,289.638559108218,2.34795708323079,122.456183333333,6.87835,2.81406666666667,0.06255,9.5001504190483,51.5008154295776,0.131587878419546,110.661666666667,17.1634,47.1222833333333,26.8024,0,0.0,0,0.0,0,0.0,0.0384275206238029,30.3400734142288,303,5.06836666666667,146,144,0.608342965430286,0.600009500150419,3,1.922,5,8.405,8,10.327,0,0.0,2,8.89,2,8.89,1.0,0.784427366103032,2200.0
Exp57L,female,wild,WT,gamma,00079485fe,22,2151.339,1254,3.39481666666667,5934,51.8248000000001,4190,11.9998666666667,55.2196166666667,143,0.237933333333333,4.99049396117548,45.5063649705285,397.934513768902,2.66102436994802,127.573116666667,7.08041666666667,1.0414,0.747633333333333,20.0003166716806,93.001472523315,0.129885671182954,105.342666666667,8.37308333333333,49.0873833333333,24.4225333333333,1,1.844,2,1.672,3,3.516,0.0933328766051342,27.642481160176,422,6.12543333333333,214,221,0.891680784945762,0.920847913425296,5,8.62400000000001,9,9.43700000000001,14,18.061,3,6.24900000000001,5,10.655,2,4.406,1.0,0.89663436997422,2076.39835683368
Exp57L,female,wild,WT,beta,0007947d6d,22,2273.01,976,2.31516666666667,5268,48.2333500000001,3745,10.4012,50.5485166666667,129,0.183666666666667,4.84926967812422,47.1747829606706,330.134372091426,2.65352243955673,123.69495,6.0804,0.393550000000001,0.245316666666667,21.2503364636607,56.7508985558938,0.0922103001887108,110.22085,12.6235333333333,41.16625,25.1446666666667,1,0.640999999999998,1,1.844,2,2.485,0.0794336934241641,28.3989217213276,347,5.01043333333333,188,214,0.783345736307492,0.891680784945762,2,2.953,2,3.032,4,5.985,3,7.046,4,12.483,1,5.437,0.781578067482116,0.645114216859668,2200.0
Exp57L,female,wild,WT,alpha,0007944fe9,22,2330.924,1378,3.84845,5500,46.5134500000001,3579,10.8580166666667,50.3619000000001,147,0.2348,6.33206148841519,53.6901626616503,409.64496305391,2.70256952914394,134.819366666667,5.72828333333333,1.8248,0.530416666666667,18.5002929213046,95.501512107275,0.13110312907369,99.44855,12.7213166666667,43.3057833333333,22.20475,1,1.031,0,0.0,1,1.031,0.0555499818486139,27.0102310591665,339,4.5477,183,169,0.762512073107824,0.704177816148756,5,9.12400000000001,4,7.42100000000001,9,16.545,2,14.562,4,19.046,2,4.48400000000001,1.0,0.905246023333899,2362.21217901066
Exp57L,female,wild,WT,delta,0007945de2,22,2129.747,538,1.15138333333333,3222,28.9443,2311,6.67136666666667,30.0956833333333,77,0.114483333333334,5.02507979191694,47.3786851384715,196.144272240911,2.67800966584455,171.465333333333,5.3776,1.13501666666667,0.0825499999999999,11.2501781278204,71.2511281428623,0.171124851788603,63.1532666666667,6.3158,22.8232333333333,17.2610333333333,0,0.0,0,0.0,0,0.0,0.0519572871395617,20.9071714631991,291,3.85033333333333,111,135,0.462507323032615,0.562508906391018,0,0.0,0,0.0,0,0.0,2,6.89,2,6.89,0,0.0,0.800556398157344,0.774143869743929,2200.0
Exp57R,female,wild,WT,beta,00079481c8,22,2268.801,1810,4.3194,9568,70.1311833333334,7468,21.2347500000001,74.4505833333334,266,0.383383333333334,3.84059857346658,38.9030943045874,486.036659908103,2.71849397436625,66.9165833333333,18.9091833333333,4.0008,0.0893500000000002,28.2505081167779,17.5003147626058,0.168731643992992,154.169916666667,3.3229,66.07995,39.5628166666667,1,1.203,2,1.99999999999999,3,3.203,0.00154485309240085,50.4468186961242,817,18.8428166666667,412,407,1.71669754337943,1.6958638353287,5,7.094,6,8.31300000000001,11,15.407,3,6.077,4,7.671,1,1.594,0.75,0.67171427643389,2076.39835683368
Exp57R,female,wild,WT,epsilon,7945855,22,1949.721,2087,5.95368333333333,9904,79.0567833333334,7537,19.9832833333334,85.0104666666667,214,0.343950000000001,4.33660718151253,42.3641292048914,588.670876666493,2.9705409511037,72.0784833333333,16.2922833333333,4.58518333333333,0.0221166666666667,36.7506610014722,14.5002608033019,0.165648547260854,151.624916666667,4.73738333333333,61.6636666666667,46.9435333333333,2,2.953,1,0.719000000000001,3,3.672,0.0231501905749979,49.6755771022052,818,17.5506666666667,364,395,1.5166939460925,1.64586293600697,6,10.64,8,24.532,14,35.172,2,3.921,6,8.734,4,4.813,1.0,0.850520234404693,2323.60164316632
Exp57R,female,wild,WT,delta,0007947d79,22,2162.899,1882,5.47065,9572,77.0616833333334,7380,19.5090833333334,82.5323333333334,237,0.3714,3.79805884288618,39.5613067936172,556.199170754509,2.81773198540032,68.1092833333333,12.2966,6.09525,0.2888,27.500494626952,31.0005575794731,0.15630045751623,159.5898,5.30331666666667,75.15335,39.5254833333333,2,2.078,2,1.922,4,4.0,0.0533612254145518,49.7557142025279,725,15.9043,368,356,1.53336091253308,1.48336001321135,7,20.14,8,7.671,15,27.811,4,7.53200000000001,6,9.61000000000001,2,2.078,1.0,0.77687625809628,2200.0
Exp57R,female,wild,WT,gamma,0007948d25,22,2233.817,1395,3.36683333333333,6525,55.1360333333334,4835,14.61165,58.5028666666667,213,0.319099999999999,4.95197003061439,44.6394542719838,416.972228974241,2.82833437865016,106.0487,17.3462333333333,3.91723333333333,0.0205666666666666,27.500494626952,24.7504451642568,0.208978806943639,116.60075,1.89663333333333,50.3987833333333,31.4987666666667,0,0.0,1,2.234,1,2.234,0.0236816900476514,43.6387779779363,611,10.3687333333333,236,238,0.98335101999404,0.991684503214329,4,5.203,6,11.358,10,16.561,2,2.56399999999999,3,7.36099999999999,1,4.797,1.0,0.866706256739786,2037.78782098934
Exp57R,female,wild,WT,alpha,0007945c9b,22,2410.714,1925,4.62696666666667,8743,72.4637,6301,17.4555333333334,77.0906666666667,207,0.3282,5.19845530779337,51.8686505995004,553.34014902356,3.22281301936738,74.9298666666667,8.56921666666667,7.69178333333334,0.155416666666667,36.5006565048635,22.7504091913875,0.153718525075626,156.4966,4.21868333333333,60.0633,43.5071,1,0.641,0,0.0,1,0.641,0.0409776011820284,50.6208259698682,677,13.13305,404,422,1.68336361049827,1.75836495948087,4,8.016,4,9.282,8,17.298,3,2.079,4,4.563,1,2.484,0.768412773241578,0.706168397451503,2362.21217901066
Exp58L,male,wild,WT,gamma,00079451fd,23,2093.911,1108,4.64605,7695,45.0518,6858,30.7770500000001,49.69785,461,1.47101666666667,3.01800104256754,16.3869225949515,461.231085302209,1.88568357692505,125.870933333333,12.0954333333333,0.850216666666666,0.477316666666667,23.2503681308287,47.5007520952415,0.433596601005025,102.029833333333,13.0541,46.2845666666667,36.7742833333333,13,9.439,15,10.873,28,20.312,0.0987506554982668,58.5686720033766,183,2.5781,97,82,0.404173066073546,0.341672076474544,0,0.0,1,1.609,1,1.609,0,0.0,0,0.0,0,0.0,1.0,0.927982098999596,2100.16223074276
Exp58L,male,wild,WT,beta,0007946e6f,23,2209.136,1002,4.20275,9034,42.1276,8703,49.5144499999999,46.33035,429,1.75285,3.03249095349423,9.91040386330515,438.793758073002,1.36283776516478,112.252883333333,14.3799,0.2429,0.0418999999999999,30.500482924313,48.7507718872215,0.318693528715916,113.363416666667,10.7746,34.1881833333333,65.1844166666666,8,5.27999999999999,10,7.28300000000001,18,12.563,0.123207698626007,59.2240253099346,110,0.566166666666666,55,42,0.229170295196341,0.175002770877206,1,0.311999999999998,1,0.640000000000001,2,0.951999999999999,1,1.281,2,3.99999999999999,1,2.71899999999999,1.0,0.771306332925161,2283.73812663339
Exp58L,male,wild,WT,delta,00079481c8,23,2071.935,756,2.28223333333333,5201,46.0550500000001,4095,12.8680333333333,48.3372833333334,139,0.322583333333333,4.23457488498217,38.3976679358266,303.593263235614,2.42822534028018,136.123016666667,21.6272666666667,6.39641666666667,1.09925,39.5006254265693,24.7503918812048,0.797121211781417,82.2459166666667,10.0017,47.1727666666667,15.3748,1,0.562000000000005,4,2.859,5,3.42100000000001,0.083751219141552,41.7702385521586,202,3.97133333333333,129,126,0.537508510551417,0.525008312631617,0,0.0,4,2.248,4,2.248,0,0.0,0,0.0,0,0.0,1.0,0.687592812884754,2000.32446148552
Exp58L,male,wild,WT,alpha,0007945de2,23,2622.383,1407,4.73623333333333,7494,64.5103166666668,5798,19.0434,69.2465500000001,299,0.726366666666667,5.41051431445978,42.4573904565858,557.188141833435,2.23432203914187,113.99515,18.8259166666667,0.460983333333333,1.25676666666667,38.0006016761932,51.2508114711816,0.434447469566563,107.175133333333,12.2149833333333,53.2874333333333,36.9298833333333,20,18.892,6,5.845,26,24.737,0.144455322334749,64.2735816993921,299,2.93571666666667,114,142,0.475007520952415,0.591676034870552,3,3.061,0,0.0,3,3.061,0,0.0,2,2.71899999999999,2,2.71899999999999,1.0,0.905020232802125,2534.95250653356
Exp58L,male,wild,WT,epsilon,7946132,23,1997.408,833,3.5496,5140,32.6727500000001,4298,18.9477333333334,36.22235,291,0.81835,5.18491514569263,35.049531500046,335.383503172521,2.13523061104766,165.70725,5.16098333333333,2.62681666666667,0.833966666666667,12.7502018781964,53.2508431383497,0.684269508643401,69.1279666666667,2.9524,30.6289833333333,26.25725,5,4.468,12,11.781,17,16.249,0.0948241878083435,48.5549995895499,180,1.54351666666667,85,71,0.354172274394345,0.295838017435276,0,0.0,0,0.0,0,0.0,4,8.31399999999998,4,8.31399999999998,0,0.0,1.0,0.715322138632787,2032.52374673322
Exp58R,male,wild,WT,alpha,00079474dd,23,2432.68,1203,2.66578333333334,8705,67.2523,7494,22.5376666666667,69.9180833333334,172,0.256983333333333,4.2380678943527,36.8481131376303,406.935429479936,2.56093858037549,121.965966666667,16.8769,7.52883333333333,0.983333333333333,25.0004236182891,38.0006438997994,0.689712580064391,101.153066666667,15.9351,50.7316333333333,43.1672333333333,7,7.68799999999999,1,1.75,8,9.43799999999999,-0.0100001708189514,41.9084847993615,432,9.78321666666667,274,294,1.14168601190187,1.22502075729617,9,15.608,0,0.0,9,15.608,0,0.0,4,8.233,4,8.233,1.0,1.0,2451.21437990017
Exp58R,male,wild,WT,delta,7948811,23,1959.55,709,1.45773333333333,5418,38.3529666666666,4870,18.3442166666667,39.8107,99,0.148,3.29137851908284,25.4843876843828,214.832583810648,2.39367214582481,159.928483333333,11.3963,2.08635,0.0893333333333333,15.0002541709735,12.7502160453274,0.714811249920435,68.67115,13.5586,30.3194833333333,28.9736166666667,1,1.75,1,1.282,2,3.032,0.0228882481191075,33.0585533321874,344,8.46915,186,202,0.775013132166962,0.841680928482399,5,9.51599999999999,4,6.141,9,15.657,2,9.203,2,9.203,0,0.0,1.0,0.916873415021927,2200.0
Exp58R,male,wild,WT,gamma,00079477ca,23,2086.384,1146,2.3571,8374,57.6286833333334,7348,21.2316833333334,59.9857833333334,162,0.23965,3.38566353303092,31.1491790636858,324.196016862423,2.64078577693824,132.057333333333,15.3339,5.56118333333333,0.745333333333333,22.5003812564602,32.2505464675929,0.712459631943135,92.6047,10.27365,45.4481,37.65165,1,0.952999999999999,2,2.641,3,3.594,0.064134594278678,36.7898380109012,595,16.8570166666667,400,420,1.66669490788594,1.75002965328024,6,10.953,5,7.59399999999999,11,18.547,2,16.641,3,24.406,1,7.765,1.0,0.801499054993176,2076.39835683368
Exp58R,male,wild,WT,beta,7945855,23,2326.989,1873,4.87258333333333,10556,77.1774833333334,8831,27.8956333333334,82.0500666666667,281,0.536616666666667,4.24280396278273,34.4652386419665,554.131825380896,2.42878578724617,92.7813833333333,30.5166166666667,3.53305,0.408916666666667,45.2507667491033,33.2505634123245,0.389197433909163,116.697933333333,16.76325,66.2118833333333,45.49465,3,3.01600000000001,3,3.266,6,6.28200000000001,0.0497581757832545,41.8068068168356,568,11.2373,293,295,1.22085402002645,1.22918749456588,8,11.109,10,21.922,18,33.031,7,26.185,12,58.342,5,32.157,1.0,0.788232930125574,2200.0
Exp58R,male,wild,WT,epsilon,7949211,23,1955.585,1242,3.14881666666667,9405,65.1413833333334,8248,24.8590166666667,68.2902000000001,196,0.353133333333333,3.40958618976594,30.1660185061577,393.139935238823,2.26709122237431,121.656,18.0509666666667,4.04436666666667,0.384083333333333,33.5005676485074,23.5003982011917,0.595968907422411,100.288966666667,12.1819833333333,53.3760666666667,41.2731,0,0.0,5,4.468,5,4.468,0.0401930587630658,40.0325378809536,479,11.05345,295,293,1.22918749456588,1.22085402002645,1,3.438,19,30.575,20,34.013,5,15.093,6,18.062,1,2.969,1.0,0.923006783538671,1952.79671366737
Exp61L,female,wild,WT,beta,0007947d6d,26,2371.109,1381,3.26795,8962,78.217,6824,18.6259833333334,81.4849500000001,203,0.287583333333334,3.60239226570718,37.5596250106,465.040684832718,2.88251835928863,12.0681666666667,31.9873333333333,1.59815,0.54555,51.2505623325589,37.0004059766767,0.141995707435443,195.941866666667,2.76475,81.5439166666667,46.8319666666667,2,2.469,1,0.968999999999994,3,3.438,0.0387422123696232,52.9363356578318,659,19.90035,381,394,1.5875174185939,1.64168467959579,11,43.125,4,19.577,15,62.702,4,4.47000000000001,6,11.689,2,7.219,0.771355309591607,0.670124624653304,2323.60164316632
Exp61L,female,wild,WT,alpha,0007946daf,26,2440.308,1101,2.67915,4358,37.3318666666667,2876,7.48515,40.0110166666667,132,0.193016666666667,5.09291596468761,53.0870043374675,293.144628319009,3.09797512310775,105.504333333333,13.909,0.901883333333334,0.71125,31.2503428857067,72.2507927517538,0.154587749395362,120.584033333333,0.649683333333334,67.7190666666667,19.1790166666667,0,0.0,0,0.0,0,0.0,0.0031219520942643,45.3981071418193,471,16.5890333333333,241,227,1.00417768472737,0.945843711340722,9,21.266,9,23.997,18,45.263,0,0.0,3,3.843,3,3.843,1.0,0.756775394157109,2200.0
Exp61L,female,wild,WT,epsilon,7948757,26,1854.366,769,1.65168333333333,7053,64.0873333333334,5722,16.8427666666667,65.7390166666668,183,0.265066666666666,3.67373875858746,34.9938854904381,355.638345296082,2.40842178756012,15.2389666666667,21.3576166666667,0.853833333333333,0.0810000000000002,37.7504142059337,21.0002304191949,0.104218895055536,203.400783333333,4.80501666666667,107.287066666667,31.0895666666667,0,0.0,0,0.0,0,0.0,-0.0338383759528843,56.6536371341565,411,21.2022833333333,194,184,0.808342202643612,0.766675078796003,6,59.515,13,169.316,19,228.831,0,0.0,2,2.953,2,2.953,1.0,0.915709855428602,2200.0
Exp61L,female,wild,WT,gamma,7945855,26,2218.994,1047,2.33643333333333,7247,64.0903833333334,5769,17.8894833333333,66.4268166666668,140,0.2458,4.38798478374517,39.7402712697498,403.729510645703,2.75344518674803,84.9054166666667,24.6043833333333,0.940233333333333,0.6297,39.2504306644476,15.2501673282249,0.185861105798726,130.487566666667,0.2875,58.5091166666667,30.6592333333333,1,0.968999999999994,2,2.548,3,3.517,0.00552736970601128,50.5031246285444,548,13.00935,320,340,1.33334796312348,1.4166822108187,8,73.671,9,17.283,17,90.954,5,10.967,5,10.967,0,0.0,0.758144053389484,0.610111764902166,2076.39835683368
Exp61L,female,wild,WT,delta,00079477ca,26,2032.699,638,1.45233333333333,3175,29.5212666666667,2200,6.98406666666666,30.9736,122,0.177833333333333,4.36202446312518,40.6904999138275,208.612844794927,3.02036585507731,102.841983333333,8.86691666666667,0.668,0.476083333333333,18.750205731424,49.750545874045,0.105122519307652,128.288466666667,0.680733333333333,74.8648166666667,16.58105,1,1.11,1,1.031,2,2.141,-0.0221297025040192,47.9097584476286,365,19.6042166666667,114,109,0.475005211862741,0.454171649938937,8,125.363,18,135.892,26,261.255,4,11.562,4,11.562,0,0.0,1.0,0.914137877006135,2200.0
Exp61R,female,wild,WT,beta,000715d48d,26,2299.033,1824,4.11321666666667,11164,102.854383333333,8874,23.3423166666667,106.9676,296,0.500283333333333,3.7454629385183,40.32441109335,618.608881252047,2.83629832099898,24.0708666666667,22.153,6.77121666666667,1.99458333333333,45.0005437565704,14.7501782313203,0.176265722591722,193.773233333333,2.5981,110.065716666667,46.6668666666667,1,0.797000000000001,2,1.922,3,2.719,0.080804565542714,54.2387822729103,765,21.86535,325,312,1.35418302971161,1.30001570852314,12,51.735,6,8.46899999999999,18,60.204,0,0.0,1,44.719,1,44.719,1.0,0.706461099368075,2100.16223074276
Exp61R,female,wild,WT,epsilon,7949211,26,2077.06,1996,4.60631666666667,7609,67.5070333333334,5178,13.3296333333333,72.1133500000001,245,0.425149999999999,5.50635893398657,57.4772736886177,543.441622564024,3.21893852132283,90.77515,8.87656666666667,2.50081666666667,1.28411666666667,32.7503957339485,23.0002779200249,0.136842412444139,140.345383333333,3.63325,67.9765333333333,29.5377333333333,3,3.422,3,2.156,6,5.578,0.0620567460546613,47.6974404146283,685,17.8807333333333,258,279,1.07501298974029,1.16251404704474,16,54.97,9,18.986,25,73.956,4,8.47,7,65.908,3,57.438,1.0,0.764494341016822,2200.0
Exp61R,female,wild,WT,delta,00079481c8,26,2138.304,1418,2.77788333333333,6744,69.77465,5072,12.75525,72.5525333333333,194,0.32445,4.4810670283942,48.3595822208155,443.497696090873,3.14816712617015,54.0835666666667,17.5354666666667,4.05013333333333,0.0463666666666667,34.7504199009071,15.25018427306,0.147790189921873,168.378066666667,1.7573,89.025,43.3944833333333,1,0.952999999999999,2,2.937,3,3.89,0.0120365515008068,50.9044744890598,617,25.9492166666667,222,194,0.925011177218392,0.808343100812468,5,5.282,17,116.829,22,122.111,6,125.922,8,130.876,2,4.954,1.0,0.623265821478088,2076.39835683368
Exp61R,female,wild,WT,gamma,7945983,26,2229.671,1424,3.09008333333333,5469,53.4615833333334,3606,9.91621666666667,56.5516666666667,219,0.369233333333333,5.96617795352864,59.6304582008204,424.783003725685,3.51274092554619,91.26275,8.89646666666667,1.82621666666667,0.0440166666666667,20.2502446904567,24.250293024374,0.11051367383227,139.837883333333,1.9133,51.32845,34.94225,3,2.718,1,1.766,4,4.484,0.0450756157686228,46.9318962648427,578,14.2405166666667,201,217,0.837510119913949,0.904177592145905,7,16.391,16,69.501,23,85.892,4,89.922,6,110.172,2,20.25,0.781332824380864,0.717190228459047,2447.20328633263
Exp61R,female,wild,WT,alpha,7946963,26,2320.078,1390,3.34535,6831,61.3159500000001,5026,12.8380666666667,64.6613000000001,195,0.3562,4.33118912184976,48.0555856819257,417.063491471158,3.11254600356311,78.0535,5.93753333333333,3.10538333333333,0.0,13.750166147841,34.5004168800373,0.0919303997668448,156.006066666667,1.79896666666667,55.9556,44.2104,2,2.469,2,1.578,4,4.047,0.0706301106159058,53.1319730176389,485,13.7947833333333,168,147,0.700008458435539,0.612507401131097,5,40.985,9,7.31299999999999,14,48.298,2,8.782,6,11.578,4,2.796,0.781471995433829,0.724874267075762,2200.0
Exp66R,female,wild,WT,gamma,7946132,35,2274.223,2218,5.13081666666668,10329,85.2690999999988,7446,20.3778499999999,90.3999166666655,231,0.333883333333334,4.50465361948516,47.0298829261947,614.398104896542,2.89988201069932,79.4991666666667,38.3352333333333,2.05735,0.116116666666667,105.524138712453,17.5084893827837,0.220025171078905,135.756866666667,0.248716666666667,82.5296333333333,30.3740333333333,3,2.875,5,2.89099999999998,8,5.76599999999998,0.0224408192031055,52.3021486694396,1285,13.5465666666667,637,652,2.51191615694442,2.57106645891328,3,2.32799999999999,13,14.704,16,17.032,8,7.595,12,12.876,4,5.281,1.0,0.892527939898644,1952.79671366737
Exp66R,female,wild,WT,delta,7948045,35,2063.088,2747,6.53930000000002,14427,115.762599999998,10770,31.3086999999995,122.301899999998,311,0.456266666666667,4.48684559517551,43.8157618934724,818.21407470655,2.7513176080888,24.13905,30.6174,3.87698333333333,2.03068333333333,112.385573740841,14.9058760961537,0.169637991493414,198.834816666667,0.75605,118.74525,37.90025,2,4.15700000000001,8,7.65500000000001,10,11.812,0.00427689015644141,55.8801022047506,1594,15.1585666666667,972,1036,3.83293956758237,4.08531418931619,6,11.501,19,25.92,25,37.421,12,22.374,17,30.469,5,8.095,1.0,0.862936311700505,1952.79671366737
Exp66R,female,wild,WT,epsilon,7945556,35,1986.544,8142,30.0041999999997,15941,174.293533333331,6808,16.6190833333335,204.297733333331,559,0.786799999999999,13.4503695808644,83.5234789758914,2421.0657702996,3.38662980209788,3.48436666666667,9.80276666666667,4.12385,1.25501666666667,78.5516010146511,5.44182778113547,0.0923795378868748,240.304133333333,4.16141666666667,177.861666666666,45.9995666666667,23,19.094,11,14.141,34,33.235,-0.00959607831536496,57.5678464874934,1965,16.9423666666667,946,1011,3.73041237750301,3.98673035270142,19,21.872,7,10.453,26,32.325,6,7.98500000000001,21,33.374,15,25.389,1.0,0.81363105284347,2367.47625326678
Exp66R,female,wild,WT,beta,000794632b,35,2295.149,2704,7.44290000000004,10461,86.1092666666656,7004,20.3423166666666,93.5521666666656,276,0.435699999999999,6.04662994597441,55.2569841746854,769.452863964438,3.29341713179668,90.4505833333333,12.76035,4.1475,1.77601666666667,58.4404983452375,31.9411630631865,0.159134611888436,150.380333333333,0.344,76.9791666666666,39.60395,10,10.703,5,5.126,15,15.829,0.0236250349198535,52.4922852073713,1486,14.3353833333333,770,845,3.03638216773501,3.33213367757933,4,4.563,3,4.733,7,9.296,8,21.28,13,28.091,5,6.81100000000001,1.0,0.952635614398064,2451.21437990017
Exp67L,female,wild,WT,gamma,000715d6ff,36,2193.458,2539,6.25098333333336,10117,87.5099833333322,7013,17.0203,93.7609666666655,166,0.238283333333333,4.65229692116526,50.2044662274359,658.745986209953,2.98458385459905,101.111966666667,10.5985,2.41725,1.94848333333333,37.6513439370131,24.6934138807683,0.161596566044587,133.6991,10.95985,83.8542999999999,28.5324333333333,1,0.891000000000002,5,4.23499999999999,6,5.126,0.0331852931150306,44.6364212494357,821,12.7632166666667,441,467,1.79699596063017,1.90294130071267,3,6.15700000000001,5,5.985,8,12.142,4,8.624,4,8.624,0,0.0,0.805196763437847,0.929935245790027,1952.79671366737
Exp67L,female,wild,WT,beta,000715a68a,36,2312.822,1475,3.42855,7497,58.6243333333327,5411,13.9495500000001,62.0528833333328,131,0.185133333333333,4.07381570696142,44.6309644157108,402.120264006256,2.99078501859801,137.2287,7.44973333333333,1.26506666666667,1.12293333333333,23.2264784027029,35.6954299662591,0.147736074558943,100.731133333333,7.05538333333333,52.2808,25.5353666666667,7,5.49899999999999,1,1.281,8,6.77999999999999,0.0771623578539791,36.5363444802972,758,11.2459333333333,378,421,1.54028225196872,1.71549954518209,3,2.797,7,10.97,10,13.767,4,8.81200000000002,6,13.124,2,4.312,0.795989071993725,0.824167140069942,2299.83776925724
Exp67L,female,wild,WT,epsilon,0007158ef6,36,1996.007,2071,4.41068333333335,9141,82.0316166666656,6631,15.2846333333333,86.4422999999989,180,0.25985,4.07411917328792,48.209974462695,540.237540153452,3.11028357779148,120.68065,7.40226666666667,1.4523,0.409383333333333,36.1844084589476,19.8036289538835,0.125668213383392,117.32665,7.25893333333333,77.4583666666666,25.7339,3,2.876,1,0.891000000000002,4,3.767,0.0687746956868602,37.3716061409129,819,14.5108333333333,471,512,1.91924058380229,2.08630823547085,4,5.017,2,6.547,6,11.564,0,0.0,4,11.125,4,11.125,1.0,0.856629338685873,2447.20328633263
Exp67L,female,wild,WT,delta,0007946e6f,36,2098.694,1796,4.32520000000001,7580,66.1543333333326,5276,12.3312166666668,70.4795333333326,111,0.1571,4.0631592413311,50.806846997686,460.57036311968,2.85353475056523,136.492683333333,6.35768333333333,1.15621666666667,0.544516666666667,19.5591397075392,24.9379031271125,0.129470707215108,102.5592,10.7676333333333,59.0811833333333,25.1849166666667,0,0.0,4,2.859,4,2.859,0.0164110956582913,42.3439357506761,583,8.11738333333334,293,282,1.19392248631438,1.14909945781793,2,4.48399999999999,3,6.54700000000001,5,11.031,1,2.0,1,2.0,0,0.0,1.0,0.818774865227536,2037.78782098934
Exp67L,female,wild,WT,alpha,0006e9dbcd,36,2589.349,1518,3.19205000000001,8317,77.8702499999992,6253,15.4324833333334,81.0622999999992,151,0.219933333333333,3.74724891181042,43.1689541081205,469.824902125966,2.84901172032213,124.261583333333,6.51911666666667,1.97941666666666,0.491116666666667,38.8737901687343,25.426881619801,0.131285375306757,114.628866666667,12.2407333333333,67.87765,30.18235,0,0.0,0,0.0,0,0.0,0.0395828040820343,42.9011372043999,719,10.9249666666667,369,430,1.50360886501708,1.75217293213372,2,5.922,1,1.766,3,7.688,1,4.719,1,4.719,0,0.0,1.0,0.913508857675076,2200.0
Exp68L,male,wild,WT,gamma,000794633b,37,2232.99,1908,5.93056666666668,13288,122.621333333331,11249,35.8631666666659,128.551899999998,345,0.636766666666667,4.19483542190527,35.3405456971557,830.10146646884,2.43754085691048,3.76646666666667,30.90515,19.7952833333333,1.61791666666667,80.5014479079867,3.75006744912981,0.225336222272985,205.324066666667,4.08728333333333,101.926433333333,65.0256833333332,15,10.155,14,16.843,29,26.998,0.0168400517259789,58.5875184672292,1021,15.08015,281,267,1.17085439245053,1.11252000990851,4,5.924,1,0.795999999999999,5,6.72,5,7.922,8,13.938,3,6.016,0.787589655703299,0.761247610212502,2367.47625326678
Exp68L,male,wild,WT,beta,7948811,37,2280.517,1546,4.38353333333334,10107,74.2017833333321,8348,29.4879999999996,78.5853166666654,203,0.350116666666667,4.17291029518749,33.9398796827854,514.908215492829,2.32109029260565,71.5583,19.75285,13.1709166666667,0.782833333333333,54.7509847572953,8.25014838808559,0.244085028968856,148.684533333333,1.2963,83.5833166666666,26.9479166666667,11,7.923,15,10.373,26,18.296,0.0252203899557142,53.9052469824461,800,12.1145166666667,203,211,0.84584854685928,0.879182479740434,3,2.61,9,9.98800000000001,12,12.598,5,6.267,6,6.907,1,0.640000000000001,0.75,0.82541401748647,2116.26187336661
Exp68L,male,wild,WT,alpha,00079477ca,37,2725.899,2136,6.86063333333336,9991,81.468699999999,7487,22.2619666666667,88.3293333333323,237,0.4255,4.85652873089531,43.2529295849799,660.848668824871,2.80320478626406,86.7168666666667,18.0755666666667,14.9400833333333,0.620883333333333,63.5011421385982,24.5004406676481,0.262987693548073,135.20325,1.14818333333333,77.3427833333332,35.3130833333333,24,22.697,3,2.25099999999999,27,24.948,0.0513145336894326,58.1590089867504,650,7.0504,176,221,0.733346523385386,0.920849895841877,4,3.20200000000001,2,3.688,6,6.89000000000001,3,4.64,10,14.405,7,9.76500000000001,0.755853458022147,0.901170691604429,2499.51330777172
Exp68L,male,wild,WT,delta,7946601,37,1983.429,1513,5.70696666666668,9654,65.758199999999,8063,32.2447833333329,71.4651666666657,443,0.93555,3.94054359950983,25.6900597271468,572.523882979764,1.97493542966473,79.7499166666667,8.91691666666667,5.34015000000001,0.842466666666667,27.500494626952,14.7502652999106,0.141980715958525,151.32885,0.5961,62.9302833333333,43.66615,3,1.375,7,4.655,10,6.03,0.0969437270997761,63.5456798236294,435,3.91245,104,102,0.433341127455001,0.425007644234712,1,3.203,1,0.640000000000001,2,3.843,3,2.873,3,2.873,0,0.0,0.782771183668334,0.794154741321147,2100.16223074276
Exp68L,male,wild,WT,epsilon,000715a74e,37,1851.061,2304,9.0368166666667,11678,99.7062999999983,9496,31.0889666666663,108.743116666665,542,1.16486666666667,4.55691335438546,38.1683749086761,906.408896866418,2.35532213524983,29.7281333333333,40.5559,13.7556666666666,0.0629999999999999,63.7511466352068,3.25005845591251,0.253945469424948,169.71165,1.39638333333333,87.3552666666666,55.7508333333333,5,3.579,19,11.607,24,15.186,0.0359898325447435,58.8214039878686,838,11.2083166666667,238,241,0.991684503214329,1.00418472804476,2,1.265,7,9.157,9,10.422,2,4.656,4,6.015,2,1.359,1.0,0.945736662157732,1948.78562009983
Exp66R,female,wild,WT,alpha,000715a0a0,35,2554.998,2078,5.19235000000002,10461,89.6496666666655,7677,21.82865,94.8420166666656,193,0.286566666666666,4.57679036939762,43.7613411315154,648.091149563024,2.68989045490159,95.9794333333333,14.9179166666667,2.55568333333333,0.65,80.4444106776548,31.4679606474356,0.14988137669636,142.693916666667,0.391666666666667,84.1840499999999,34.3767,1,0.875,10,7.891,11,8.766,0.00980430773183869,53.822410986438,1038,12.0740833333333,745,739,2.93779833112024,2.91413821033269,8,10.406,7,5.49999999999999,15,15.906,7,13.28,12,25.03,5,11.75,1.0,0.880052981929249,2076.39835683368
