Experiment,sex,Hierarchy,PC1,PC2,Dominant_archetype,Type,Genotype,Mice.chips,Last.day.Glicko,Animal,Progesterone,Testosterone,Corticosterone,DHEA,Cort/DHEA,T/Cort,P/Cort,AEA,1&2-AG,OEA,SEA,PEA,1&2-AG/Cort,OEA/PEA,OEA/Cort,AEA/Cort,PEA/Cort,1&2-AG/OEA,Tryptophan,Tyrosine,Glutamate,GABA,Arginine,Glycine/Serine,Asparagine/Aspartate,Glutamate/GABA,Tyrosine/Tryptophan,Aspartate,Asparagine,Serine,Glycine,Archetype1_prob,Archetype2_prob,Archetype3_prob
Exp55R,male,alpha,-1.3955648564292353,0.039327321134319845,3,wild,WT,00079474c9,2427.503,18,2.2764105,1.71774,30.24297,18.215145,1.660320025,0.056797993,0.075270732,414.27855,1232.9982,45345.825,100693.53,58389.66,40.76974583,0.776607108,1499.383989,13.69834213,1930.685379,0.027190997,379.44,25839.56,5337.57,198.79,5394.0,0.204949573,0.13903934,26.85029428,68.09919882,4879.77,678.48,7406.7,1518.0,0.16449831641865678,0.17074892386878046,0.6647527597125629
Exp55R,male,beta,-3.122679089702188,-0.32101184247819226,3,wild,WT,0007946daf,2291.438,18,1.6047315,1.2713004,25.56225,7.394274,3.457033104,0.049733509,0.062777396,470.12805,1110.55455,42944.58,62282.115,51083.865,43.44510166,0.840668184,1680.0,18.39149723,1998.410351,0.02586018,1913.52,32236.1,12985.98,268.83,7854.36,0.204857936,0.110552006,48.30554626,16.84649233,5838.7,645.48,8695.05,1781.25,0.08941909102666343,0.21592940427987217,0.6946515046934644
Exp55R,male,delta,-4.327583600055214,1.2169300417364126,3,wild,WT,00079485fe,2064.615,18,1.6844895,1.594863,26.24292,8.7189345,3.009876952,0.060773077,0.064188341,569.0412,1430.28585,54916.785,99077.58,65250.36,54.50177991,0.841631908,2092.632413,21.68360838,2486.398617,0.026044603,950.64,36435.3,9513.84,170.98,5018.16,0.262387351,0.121594046,55.64299918,38.32712699,6556.9,797.28,9221.1,2419.5,0.07630913441374662,0.0625741944200844,0.8611166711661691
Exp55R,male,epsilon,-6.214980135240117,0.9270992506890657,3,wild,WT,7947702,1956.368,18,1.762641,1.5090975,34.734285,7.855407,4.421704057,0.043446914,0.050746431,582.33735,1434.7368,42388.92,47673.36,45416.7,41.30606978,0.933333333,1220.376927,16.76549121,1307.546708,0.033846977,2568.36,38695.99,12089.28,264.71,8907.06,0.257091141,0.061124688,45.66990291,15.06641982,7471.94,456.72,7541.1,1938.75,0.0,0.10085886076392384,0.8991411392360761
Exp55R,male,gamma,-3.95133306155548,1.2991155552368336,3,wild,WT,0007946e6f,2074.581,18,2.150739,1.6432335,33.648615,7.940403,4.237645747,0.048835101,0.063917608,677.8485,1657.93635,52628.94,97444.62,66537.45,49.27205325,0.790967192,1564.07448,20.14491533,1977.42017,0.03150237,2535.72,29895.77,11776.17,233.81,7100.94,0.194402011,0.127064244,50.36640862,11.78985456,5547.43,704.88,9131.85,1775.25,0.09274597740697875,0.05235083077308643,0.8549031918199348
Exp56L,male,alpha,-2.8911901597548177,-1.2561682834855663,3,wild,WT,7948811,2485.579,19,1.5180345,1.7739945,26.06796,15.781905,1.651762572,0.068052678,0.058233728,618.4836,1795.7457,49711.725,59832.675,55721.925,68.88708207,0.892139405,1907.004806,23.72581514,2137.563699,0.036123182,2397.0,34080.49,14342.79,231.75,9865.8,0.191605233,0.202492084,61.88906149,14.21797664,7333.62,1485.0,13551.3,2596.5,0.07789940703470713,0.31148498277463915,0.6106156101906538
Exp56L,male,beta,-1.2957682686084782,-2.027279869433328,3,wild,WT,7948045,2318.6,19,1.34529795,1.0221552,46.88874,10.0309725,4.674396226,0.021799588,0.02869128,587.95065,1168.7004,52538.22,71918.28,57337.875,24.92496919,0.916291718,1120.486923,12.53927169,1222.849558,0.022244766,4179.96,35586.41,12361.23,224.54,6211.8,0.244711478,0.094323092,55.05134943,8.513576685,6003.62,566.28,8388.45,2052.75,0.12302618405312692,0.38381310026163107,0.49316071568524206
Exp56L,male,delta,-5.58721800912741,-1.225956062579995,3,wild,WT,0007947d79,2079.931,19,1.9294605,1.51065,35.83845,9.608247,3.7299676,0.042151656,0.053837722,437.6673,762.048,39993.345,56283.255,46811.52,21.2634196,0.854348353,1115.934004,12.21222737,1306.181489,0.01905437,5120.4,32782.72,14013.51,258.53,5618.46,0.227441745,0.096889082,54.20457974,6.402374814,6266.96,607.2,8471.4,1926.75,0.0,0.3125555865926213,0.6874444134073786
Exp56L,male,epsilon,-4.748089514039598,-2.1751513862872054,3,wild,WT,7947370,1882.776,19,2.441043,1.8177345,42.926895,12.313296,3.486222941,0.042344887,0.056865119,485.77725,1052.94735,45813.6,76199.13,53258.31,24.52884957,0.860215054,1067.247002,11.31638452,1240.67464,0.022983292,2735.64,32916.66,13462.26,212.18,6478.02,0.222662506,0.106904817,63.44735602,12.03252621,6395.97,683.76,7305.9,1626.75,0.0,0.4090562689088446,0.5909437310911553
Exp56L,male,gamma,-2.75333548090805,-3.193554188055681,2,wild,WT,0007945de2,2159.97,19,1.824417,1.437318,22.144185,11.2444335,1.969346433,0.064907243,0.082388085,323.8704,905.07375,38947.23,37858.59,38283.84,40.87184739,1.017328199,1758.80169,14.6255281,1728.843938,0.023238463,738.48,31598.98,9782.85,247.2,10713.18,0.188114915,0.132317151,39.57463592,42.78921569,6434.54,851.4,11434.5,2151.0,0.040743308024901045,0.5110227281860971,0.448233963789002
Exp56R,male,alpha,-2.807994883192447,-0.8503816167156023,3,wild,WT,00079490ab,2542.376,19,2.100087,1.29060675,17.09127,5.924124,2.885029078,0.07551263,0.122874836,573.6339,1212.78465,38326.365,29710.8,40234.32,70.95930554,0.952578918,2242.452726,33.56297689,2354.086033,0.031643613,6989.04,39494.2,18191.25,253.38,9192.42,0.17835524,0.114808129,71.79434052,5.650876229,7151.41,821.04,10407.6,1856.25,0.09004038602793098,0.2691758234158871,0.640783790556182
Exp56R,male,beta,-1.3459774447990613,0.6111955537185938,3,wild,WT,79483,2222.947,19,1.9008,1.585737,27.08181,13.60854,1.990059918,0.058553583,0.070187332,425.6469,960.97995,47528.775,82841.535,55787.13,35.48433247,0.851966663,1755.007328,15.71707726,2059.948356,0.020218908,3341.52,34209.0,11327.82,211.15,8832.24,0.182788921,0.106808432,53.64821217,10.23755656,5202.96,555.72,8091.3,1479.0,0.17897701183482112,0.11143477925410866,0.7095882089110701
Exp56R,male,delta,0.5966910210633756,-1.1123979937441881,3,wild,WT,000794a12a,2077.868,19,1.850282,1.5355205,25.996815,18.37838,1.414532456,0.059065716,0.071173411,301.10535,907.4268,49002.975,108090.045,57564.675,34.90530667,0.851268161,1884.960715,11.58239384,2214.297213,0.01851779,583.44,34574.62,7294.14,248.23,8125.8,0.203866961,0.130167252,29.38460299,59.25994104,7483.91,974.16,10481.1,2136.75,0.21670595152334465,0.28057572724087215,0.5027183212357832
Exp56R,male,epsilon,-1.6931226845224363,0.2442096209578255,3,wild,WT,000794875e,2038.137,19,1.439019,1.9234125,29.76885,11.6416305,2.557103148,0.064611582,0.048339758,431.2035,976.7142,41810.58,58432.185,46505.34,32.80994059,0.899049012,1404.507732,14.48505737,1562.214866,0.023360456,1570.8,30770.0,12108.39,235.87,6147.42,0.187136561,0.133984962,51.33501505,19.58874459,5586.0,748.44,8099.7,1515.75,0.15742195211720253,0.15094998243239285,0.6916280654504047
Exp56R,male,gamma,-8.060159506741295,1.4711677204978115,3,wild,WT,0007945c9b,2145.451,19,2.1745935,0.9234459,25.90164,7.9161705,3.271991173,0.035652024,0.083955823,472.7646,1003.67505,39372.48,51126.39,41167.035,38.7494788,0.956407961,1520.076721,18.25230372,1589.360172,0.025491791,1115.88,29807.08,9244.83,231.75,6189.18,0.275282173,0.119386073,39.89139159,26.71172528,5859.98,699.6,8598.45,2367.0,0.0,0.05030406065899823,0.9496959393410017
Exp57L,female,alpha,-2.954763553767925,1.2496665941176273,3,wild,WT,0007944fe9,2330.924,22,2.048733,0.7202466,27.07722,5.250069,5.15749793,0.026599725,0.075662605,815.2893,1829.28375,62883.135,79300.62,57473.955,67.55803402,1.094115326,2322.363042,30.10978601,2122.59438,0.029090212,5157.12,30094.87,15342.39,207.03,6754.68,0.201796036,0.185400669,74.10708593,5.835596224,5503.54,1020.36,7266.0,1466.25,0.13041956205661107,0.052872707009508205,0.8167077309338808
Exp57L,female,beta,-3.3906734260527736,0.6780147355839576,3,wild,WT,0007947d6d,2273.01,22,1.501281,0.5863887,27.52812,4.629555,5.946169772,0.021301444,0.054536271,748.0998,1612.4346,61026.21,84814.695,60598.125,58.57409078,1.007064327,2216.868061,27.17584056,2201.317235,0.026422001,3329.28,27216.97,11968.74,219.39,5637.6,0.199497291,0.154222189,54.55462874,8.175031839,4835.88,745.8,6146.7,1226.25,0.10092068347370592,0.1139427462453246,0.7851365702809694
Exp57L,female,delta,-6.0770648099785305,0.8368134582788666,3,wild,WT,0007945de2,2129.747,22,1.5814035,0.32390685,30.441015,3.734775,8.150695825,0.010640475,0.051949763,523.02915,977.6214,29030.4,21140.028,28596.645,32.11526948,1.015168038,953.6607107,17.18172505,939.4116786,0.033675781,15726.36,32516.65,12890.43,218.36,5799.42,0.225397388,0.131284537,59.03292728,2.067652655,5298.72,695.64,5926.2,1335.75,0.0,0.1098929149372925,0.8901070850627076
Exp57L,female,epsilon,-3.79527180704664,0.06177674998506969,3,wild,WT,0007945a2c,2114.995,22,2.4647895,0.3590325,35.47584,6.790716,5.22416782,0.010120479,0.069477974,680.76855,1294.26255,58460.535,112022.19,62466.39,36.48292895,0.935871834,1647.897132,19.18963864,1760.814966,0.022139082,14602.32,38192.81,18661.65,300.76,6023.88,0.225712835,0.134733044,62.04831095,2.615530272,6740.44,908.16,10337.25,2333.25,0.0716610975318303,0.17947533306679755,0.7488635694013722
Exp57L,female,gamma,-2.226139534674305,1.0532285973877111,3,wild,WT,00079485fe,2151.339,22,2.693224,0.43754175,62.15157,6.1642215,10.08263087,0.007039915,0.043333161,857.10555,1368.76635,57431.43,89883.675,59736.285,22.02303739,0.961416164,924.0543722,13.79056957,961.1387934,0.023833054,8027.4,29470.42,13925.31,255.44,5929.92,0.210143463,0.094200078,54.51499374,3.671228542,5857.32,551.76,7423.5,1560.0,0.15444635766186088,0.06981496924157037,0.7757386730965687
Exp57R,female,alpha,0.9079404546679073,1.3671774570048434,3,wild,WT,0007945c9b,2410.714,22,2.1115215,0.2650536,28.53144,4.834512,5.901617371,0.009289878,0.074006832,899.29035,1733.7726,65494.17,76556.34,59543.505,60.76709062,1.099938104,2295.508744,31.51927663,2086.943561,0.026472167,4094.28,33921.21,12617.01,255.44,8802.66,0.289654262,0.127821316,49.39324303,8.285024473,5659.15,723.36,7956.9,2304.75,0.28322750684002324,0.02295127939057906,0.6938212137693976
Exp57R,female,beta,1.2679522600148267,0.8643299342001146,3,wild,WT,00079481c8,2268.801,22,2.434644,0.9642132,31.847715,8.374718,3.802840287,0.030275742,0.076446426,458.5896,1085.5782,61000.695,123183.585,66829.455,34.08653337,0.912781572,1915.386865,14.39945064,2098.406589,0.017796161,438.6,27218.78,5658.03,239.99,4750.2,0.178203939,0.173350286,23.57610734,62.05832193,4545.94,788.04,6632.85,1182.0,0.2861937452552439,0.07324875394554407,0.6405575007992121
Exp57R,female,delta,1.766745980463819,0.9431793379010054,3,wild,WT,0007947d79,2162.899,22,1.8510795,0.69013215,39.57903,6.076404,6.51356131,0.017436813,0.046769198,688.2813,1493.16615,58707.18,59379.075,53839.485,37.72619364,1.090411247,1483.290015,17.39004973,1360.303297,0.025434132,3410.88,32140.17,15232.14,258.53,8106.66,0.185163483,0.153392906,58.91826867,9.422838095,6350.75,974.16,6399.75,1185.0,0.30732334884424933,0.06280601099439154,0.6298706401613592
Exp57R,female,epsilon,2.1393515967485506,1.2885836884518316,3,wild,WT,7945855,1949.721,22,2.6913195,1.0289403,26.303805,8.3724443,3.141711555,0.039117546,0.102316737,418.3893,1266.47955,59004.855,84080.43,58321.62,48.14815005,1.011714952,2243.206068,15.90603717,2217.231309,0.021463989,573.24,27877.62,5271.42,222.48,6349.26,0.18178976,0.179428604,23.69390507,48.6316726,4928.98,884.4,8156.4,1482.75,0.3293949926402078,0.02540343985157955,0.6452015675082128
Exp57R,female,gamma,-1.3158363916602545,0.9197209904213403,3,wild,WT,0007948d25,2233.817,22,2.2201155,0.64067355,42.1335,6.074433,6.936202934,0.015205799,0.052692406,873.66195,2279.6235,69035.085,71442.0,64363.005,54.10477411,1.072589526,1638.48446,20.73556552,1527.596924,0.033021231,6001.68,33180.92,15312.99,213.21,7784.76,0.1724213,0.172278085,71.82116223,5.528605324,5961.06,1026.96,6890.1,1188.0,0.18692011528330524,0.07941893932279308,0.7336609453939017
Exp58L,male,alpha,0.47837258508467567,-5.535009186485801,2,wild,WT,0007945de2,2622.383,23,1.2926817,1.5262425,25.459245,8.2410345,3.089326346,0.059948459,0.05077455,756.7749,1683.1395,62276.445,81503.415,60929.82,66.11113173,1.022101247,2446.12301,29.72495453,2393.22965,0.027026904,7858.08,33586.36,17116.68,210.12,6904.32,0.253984587,0.174447658,81.4614506,4.274117851,6916.0,1206.48,14286.3,3628.5,0.11504634612606617,0.7380681488424162,0.14688550503151748
Exp58L,male,beta,-1.0885937502922665,-8.000331086496193,2,wild,WT,0007946e6f,2209.136,23,1.18182375,1.2954195,28.713825,5.4351,5.283035271,0.045114836,0.041158701,866.1492,2179.57635,60598.125,87133.725,62163.045,75.90686194,0.974825558,2110.416324,30.16488399,2164.9169,0.035967719,6668.76,34424.39,15589.35,180.25,6996.54,0.213524999,0.188678495,86.48737864,5.16203762,6534.29,1232.88,11436.6,2442.0,0.0,1.0,0.0
Exp58L,male,delta,-3.885261812908866,-1.2298421486272448,3,wild,WT,00079481c8,2071.935,23,1.13166585,1.536013,25.985205,3.479895,7.467238236,0.05911106,0.043550391,919.18638,1525.37742,52362.45,44224.5825,50876.343,58.70176587,1.029210177,2015.087047,35.37345116,1957.896542,0.029131132,11113.92,32507.6,17732.61,232.78,7201.86,0.259029098,0.145111543,76.17754962,2.924944574,6458.48,937.2,10258.5,2657.25,0.03981551948897612,0.31334067814787886,0.6468438023631451
Exp58L,male,epsilon,-2.9173802545752725,-4.1834480028755,2,wild,WT,7946132,1997.408,23,1.5238935,1.129572,25.022115,5.817123,4.301458814,0.045142947,0.060901866,764.0325,1508.1633,67716.81,130636.8,69154.155,60.27321431,0.979215349,2706.278426,30.53428937,2763.721412,0.022271624,12360.36,35941.17,16537.5,233.81,8675.64,0.219083499,0.101324292,70.73050768,2.907776958,7438.69,753.72,11427.15,2503.5,0.01263918888718472,0.6140544669473116,0.3733063441655037
Exp58L,male,gamma,-1.0386974684816004,-7.7178969784911,2,wild,WT,00079451fd,2093.911,23,0.9947502,1.544529,18.59004,6.944346,2.677003709,0.083083684,0.053509847,580.7781,1192.59945,51458.085,65794.68,49859.145,64.15260268,1.032069142,2768.045954,31.24135828,2682.03538,0.023176134,9604.32,28722.89,14579.46,214.24,5214.78,0.266421461,0.171366914,68.05199776,2.990621928,5838.7,1000.56,10970.4,2922.75,0.00813883155683494,0.9705890037112691,0.021272164731895978
Exp58R,male,alpha,-0.09001588804928437,-1.232167274993059,3,wild,WT,00079474dd,2432.68,23,1.8102285,1.772955,23.525775,8.218152,2.862659999,0.075362236,0.076946604,732.19545,1669.1346,65083.095,107673.3,64782.585,70.94918658,1.004638747,2766.459128,31.12311709,2753.685479,0.025646208,8200.8,27133.71,16393.44,203.94,5385.3,0.203657776,0.1406288,80.38364225,3.308666228,6044.85,850.08,9858.45,2007.75,0.18736996869921216,0.29611131378371786,0.51651871751707
Exp58R,male,beta,2.836951059199748,0.2854289755892812,3,wild,WT,7945855,2326.989,23,1.0271583,1.1405016,30.304665,8.1065475,3.738294878,0.037634523,0.033894395,576.5823,1152.4842,55770.12,81767.07,65264.535,38.02992708,0.85452413,1840.314684,19.02618953,2153.613478,0.020664904,6042.48,30969.1,17603.25,231.75,5862.06,0.223650942,0.124280506,75.9579288,5.125230038,5990.32,744.48,9017.4,2016.75,0.3345110946877098,0.12583913854290413,0.539649766769386
Exp58R,male,delta,-4.107701488436931,0.0027612857945819008,3,wild,WT,7948811,1959.55,23,1.24866225,1.34106165,17.61183,5.5497825,3.173427067,0.076145503,0.070899063,602.2107,1568.8323,41989.185,45340.155,43335.81,89.07832406,0.968925814,2384.146622,34.19353355,2460.608012,0.037362771,5705.88,29557.3,12121.62,193.64,6100.44,0.207419656,0.161731617,62.59873993,5.180147497,4839.87,782.76,8345.4,1731.0,0.05821487460395654,0.18701097952888587,0.7547741458671575
Exp58R,male,epsilon,-0.11276583527433671,0.05681621999324277,3,wild,WT,7949211,1955.585,23,1.8965745,1.705266,37.96011,10.862127,3.494721614,0.044922578,0.049962303,655.7922,1197.47565,49635.18,78841.35,57326.535,31.54563172,0.86583255,1307.561543,17.27582454,1510.178316,0.024125543,7945.8,29955.5,14450.1,232.78,6424.08,0.201712597,0.113719201,62.0762093,3.769979108,5281.43,600.6,7462.35,1505.25,0.21477300540676203,0.16303720517688094,0.622189789416357
Exp58R,male,gamma,-0.7537969349952316,0.5627662389962006,3,wild,WT,00079477ca,2086.384,23,1.2424077,1.2719943,42.753015,6.4580355,6.620126972,0.029752154,0.029060119,641.92905,1227.7818,54281.745,96347.475,59722.11,28.71801673,0.908905345,1269.658877,15.01482527,1396.909902,0.022618687,9394.2,35240.7,17922.24,242.05,8816.58,0.21413936,0.10285183,74.04354472,3.751325286,6776.35,696.96,9736.65,2085.0,0.20094539436561393,0.1137127160154924,0.6853418896188936
Exp61L,female,alpha,-1.8966180430524533,3.526683719014644,3,wild,WT,0007946daf,2440.308,26,2.244753,0.394848,31.187835,8.3713095,3.725562291,0.012660321,0.071975275,538.62165,1089.8307,46068.75,43724.205,45878.805,34.94409599,1.004140147,1477.138442,17.27024816,1471.048087,0.023656615,9290.16,24900.17,10153.29,220.42,5870.76,0.27430327,0.104173916,46.063379,2.680273537,3966.06,413.16,6151.95,1687.5,0.18660108877074297,0.0,0.813398911229257
Exp61L,female,beta,2.4554540869224164,2.0348889821041607,3,wild,WT,0007947d6d,2371.109,26,2.081376,0.3493476,37.62531,5.873526,6.405915288,0.00928491,0.055318508,781.63785,1423.99215,55444.095,65539.53,54789.21,37.84665562,1.01195281,1473.585068,20.77425674,1456.17963,0.025683387,10520.28,26947.28,8477.49,222.48,5286.12,0.262635756,0.126860977,38.10450378,2.561460341,4005.96,508.2,5745.6,1509.0,0.3399930299070016,0.0,0.6600069700929985
Exp61L,female,delta,-2.246570561446617,6.388774065764582,3,wild,WT,00079477ca,2032.699,26,2.07252,0.842157,29.35251,5.9060475,4.96990754,0.028691141,0.070607931,564.6186,1032.7905,45323.145,35871.255,42678.09,35.18576435,1.061976883,1544.097762,19.23578597,1453.984344,0.022787265,5928.24,27683.95,13332.9,216.3,5453.16,0.237708511,0.112813222,61.6407767,4.669842989,4797.31,541.2,5818.05,1383.0,0.18276724915399983,0.0,0.8172327508460001
Exp61L,female,epsilon,0.054240667311071585,4.159686689020466,3,wild,WT,7948757,1854.366,26,2.421819,0.4014819,42.521895,5.976612,7.114715662,0.009441769,0.056954635,894.1023,1456.31115,64467.9,91346.535,67994.64,34.24850068,0.948132088,1516.1107,21.02686863,1599.050089,0.02258971,9467.64,29370.87,10813.32,226.6,4765.86,0.264008346,0.113835199,47.71985878,3.102237728,4244.03,483.12,5894.7,1556.25,0.24674896467032975,0.0,0.7532510353296703
Exp61L,female,gamma,0.15755052976214165,2.743418423438044,3,wild,WT,7945855,2218.994,26,2.710233,0.44792325,43.208505,7.10451,6.081841675,0.010366553,0.062724526,502.0785,713.65455,44299.71,52736.67,45663.345,16.51652956,0.970137207,1025.254403,11.61989983,1056.813815,0.016109689,14541.12,33106.71,10043.04,291.49,8837.46,0.260647557,0.093394944,34.45414937,2.276764788,4126.99,385.44,6462.75,1684.5,0.2547488463964002,0.0,0.7452511536035997
Exp61R,female,alpha,-0.4797938655097849,1.5997166636662241,3,wild,WT,7946963,2320.078,26,2.3341905,0.87726915,29.175525,11.46636,2.544445229,0.030068667,0.08000509,423.23715,1109.87415,45476.235,54205.2,48847.05,38.04127432,0.930992455,1558.711797,14.50658214,1674.247507,0.024405586,463.08,31296.71,7604.31,202.91,7071.36,0.33276122,0.12993415,37.47627027,67.58380841,5140.45,667.92,9351.3,3111.75,0.23435873097517773,0.005312909512967259,0.7603283595118551
Exp61R,female,beta,3.862955253482451,1.5661687783792493,3,wild,WT,000715d48d,2299.033,26,2.4937335,0.4426191,40.81293,4.2813765,9.532665487,0.01084507,0.061101555,587.83725,1189.19745,46511.01,59047.38,47021.31,29.13776222,0.989147474,1139.614578,14.40321119,1152.117968,0.025568085,11872.8,32035.19,12897.78,259.56,6361.44,0.242332242,0.134315122,49.69093851,2.698200088,5277.44,708.84,8201.55,1987.5,0.398059069859353,0.0,0.601940930140647
Exp61R,female,delta,2.075397592341457,5.631912079219293,3,wild,WT,00079481c8,2138.304,26,2.1986775,0.4088907,29.46051,7.566264,3.893666676,0.013879281,0.074631345,638.35695,1733.91435,57887.865,88661.79,62480.565,58.85554425,0.926493943,1964.930852,21.66822468,2120.824283,0.029952985,1042.44,28916.56,9703.47,218.36,5787.24,0.196882242,0.146279879,44.43794651,27.73930394,4990.16,729.96,6860.7,1350.75,0.29670299475010126,0.0,0.7032970052498988
Exp61R,female,epsilon,2.526427976486261,3.970676146966542,3,wild,WT,7949211,2077.06,26,2.1998115,0.68200515,30.13983,6.6041055,4.563802017,0.022628036,0.072986858,501.1713,871.8192,42961.59,53150.58,44118.27,28.92581677,0.97378229,1425.409168,16.62820593,1463.786292,0.020292992,9922.56,25233.21,10394.37,227.63,6540.66,0.251729536,0.111003455,45.66344506,2.543014101,3829.07,425.04,5940.9,1495.5,0.3217486059302098,0.0,0.6782513940697903
Exp61R,female,gamma,0.5217221338022965,5.073031479500803,3,wild,WT,7945983,2229.671,26,2.470257,0.61485615,26.41216,5.0030325,5.279230147,0.023279283,0.093527262,591.1542,740.9556,44563.365,51211.44,47679.03,28.05357835,0.934653348,1687.229102,22.38189531,1805.192381,0.016627012,12437.88,29144.62,11246.97,263.68,7236.66,0.208736126,0.070386349,42.65386074,2.343214438,3919.51,275.88,6284.25,1311.75,0.2573584852520424,0.0,0.7426415147479576
Exp66R,female,beta,6.81521039187339,0.5275749857016329,1,wild,WT,000794632b,2295.149,35,2.6906985,0.27432,51.835815,7.323372,7.078134908,0.005292094,0.051908097,670.9311,1017.45315,47046.825,59574.69,50987.475,19.62838146,0.922713372,907.6123333,12.94338866,983.6340955,0.021626393,14294.28,38203.67,12321.54,259.56,5912.52,0.252807727,0.093482437,47.47087379,2.672654376,4716.18,440.88,6678.0,1688.25,0.4945484642842272,0.08250840211980559,0.4229431335959673
Exp66R,female,delta,10.610659846355496,2.039197885310169,1,wild,WT,7948045,2063.088,35,2.8067445,0.63291375,44.408655,11.2971645,3.930955861,0.014252036,0.063202646,578.907,1138.67775,39851.595,37328.445,45019.8,25.64089703,0.885201511,897.3835168,13.03590483,1013.761844,0.028572953,8474.16,36987.35,18461.73,232.78,11273.46,0.215516489,0.104330908,79.30977747,4.364721695,6908.02,720.72,8592.15,1851.75,0.618924309257451,0.0,0.381075690742549
Exp66R,female,epsilon,19.762223038143365,0.7382030843730013,1,wild,WT,7945556,1986.544,35,2.26476,0.43470675,47.136735,6.3288135,7.447957662,0.00922225,0.048046603,634.5297,897.9579,40435.605,47812.275,48132.63,19.05006573,0.840087172,857.8363563,13.46146906,1021.127789,0.022207109,6838.08,32129.31,14048.79,261.62,9126.3,0.247825652,0.114768787,53.69922024,4.698586445,5647.18,648.12,7502.25,1859.25,0.9988536659058705,0.0011463340941294654,0.0
Exp66R,female,gamma,4.995478765997506,1.4993942536028222,3,wild,WT,7946132,2274.223,35,1.550151,0.2599911,40.948875,6.457887,6.340909186,0.006349163,0.037855765,595.5201,1174.7106,40685.085,38805.48,47704.545,28.68724965,0.85285553,993.5580648,14.54301492,1164.978159,0.028873249,6305.64,28737.37,9574.11,212.18,5848.14,0.32296045,0.163807577,45.1225846,4.557407337,4109.7,673.2,5924.1,1913.25,0.440903107993025,0.0,0.559096892006975
Exp67L,female,alpha,-1.0064607284480347,0.5540594884287814,3,wild,WT,0006e9dbcd,2589.349,36,2.514807,0.618732,31.80303,6.1792875,5.14671473,0.019455127,0.079074447,905.98095,1809.72225,59682.42,78339.555,58854.6,56.90408272,1.014065511,1876.62685,28.48725263,1850.597254,0.030322535,4288.08,24570.75,8914.08,201.88,4626.66,0.321823319,0.10326394,44.15533981,5.730012033,3451.35,356.4,3609.9,1161.75,0.19092766574435832,0.11577532144827957,0.693297012807362
Exp67L,female,beta,-0.39291927133990895,0.9894719694877517,3,wild,WT,000715a68a,2312.822,36,2.109024,0.6283953,44.67231,5.769333,7.743063193,0.014066774,0.04721099,688.4514,1288.59255,46683.945,57683.745,52793.37,28.84544251,0.884276662,1045.030915,15.41114395,1181.791808,0.027602478,3327.24,30646.92,9641.73,221.45,4303.02,0.284799512,0.119438999,43.53908331,9.21091355,4177.53,498.96,4919.25,1401.0,0.22434513974449788,0.06796400393540057,0.7076908563201016
Exp67L,female,delta,-1.814420154200684,0.5872470928522114,3,wild,WT,0007946e6f,2098.694,36,2.782863,0.8376723,37.12608,8.4321245,4.402933092,0.022562907,0.074957092,502.95735,1070.69445,53295.165,54480.195,53952.885,28.83941558,0.987809364,1435.518239,13.54727862,1453.234088,0.020089898,824.16,29736.49,10410.54,217.33,9434.28,0.215161226,0.108991657,47.90199236,36.08096729,5825.4,634.92,9080.4,1953.75,0.16023267353197027,0.1160654056131196,0.7237019208549101
Exp67L,female,epsilon,0.9963875019602775,1.170407511175724,3,wild,WT,0007158ef6,1996.007,36,1.6259805,0.69334515,30.405645,7.0360245,4.32142398,0.022803172,0.053476271,612.5301,1389.17835,44415.945,69996.15,52509.87,45.68817238,0.845858979,1460.779569,20.14527566,1726.977671,0.031276569,1776.84,25730.96,9159.57,242.05,5529.72,0.252484593,0.092303645,37.84164429,14.48130389,4561.9,421.08,5403.3,1364.25,0.2823491246080563,0.04287458719384107,0.6747762881981028
Exp67L,female,gamma,1.7511570008977626,0.6066436225285224,3,wild,WT,000715d6ff,2193.458,36,3.0344085,0.7038171,30.73815,8.3822343,3.667059271,0.022897185,0.098717994,778.97295,1951.47225,51597.0,43863.12,54956.475,63.48697791,0.938870261,1678.598094,25.34221968,1787.891431,0.037821429,1181.16,27651.37,9834.3,196.73,5964.72,0.232765673,0.177526305,49.98881716,23.41035084,4595.15,815.76,8068.2,1878.0,0.29933149835912903,0.0976489122805639,0.6030195893603071
Exp68L,male,alpha,3.9970045218556294,-3.7406969203468123,2,wild,WT,00079477ca,2725.899,37,1.9990935,1.2757689,20.575215,19.586745,1.050466272,0.062005131,0.097160273,495.3879,1055.04525,52413.48,62168.715,53462.43,51.27748361,0.98037968,2547.408618,24.07692459,2598.389859,0.020129273,685.44,22235.85,6841.38,201.88,7694.28,0.21350362,0.195338627,33.88834951,32.44025735,4263.98,832.92,9301.95,1986.0,0.29127139402005864,0.5364820023223226,0.17224660365761882
Exp68L,male,beta,2.8292870743546574,-3.2910187138913236,2,wild,WT,7948811,2280.517,37,2.2415805,1.5081255,26.31501,18.90756,1.391771863,0.057310467,0.085182582,607.85235,1104.2325,69300.1575,70344.288,69632.9865,41.96207792,0.995220239,2633.483989,23.09907349,2646.131865,0.015934055,1854.36,29231.5,10329.69,186.43,6239.64,0.384615385,0.179236576,55.40787427,15.7636597,9978.99,1788.6,23928.45,9203.25,0.255724857978276,0.49539591132178834,0.24887923069993578
Exp68L,male,delta,-0.08757937235069732,-4.353631397449105,2,wild,WT,7946601,1983.429,37,2.526444,1.8177885,31.5225,18.85815,1.671558451,0.057666381,0.080147323,1082.03445,1715.742,87915.9015,96753.7305,78304.6845,54.42912206,1.122741277,2788.988865,34.32578158,2484.088651,0.019515719,1060.8,29255.03,8790.6,197.76,4607.52,0.554129627,0.187605074,44.45084951,27.57827112,4193.49,786.72,7188.3,3983.25,0.11896156165269267,0.6186123201227254,0.26242611822458184
Exp68L,male,epsilon,5.423646811478963,-5.280522335725723,2,wild,WT,000715a74e,1851.061,37,2.0667555,1.54386,31.633335,11.0019195,2.875255995,0.048804845,0.065334733,787.30785,1319.0121,59282.685,67172.49,56597.94,41.69690297,1.047435384,1874.057383,24.88855032,1789.186629,0.022249534,4312.56,27238.69,16674.21,193.64,6493.68,0.263053732,0.151987933,86.10932659,6.316130094,6079.43,924.0,9095.1,2392.5,0.31234698727438237,0.6876530127256177,0.0
Exp68L,male,gamma,7.6884238631756245,-5.740470985090985,2,wild,WT,000794633b,2232.99,37,2.360313,1.5619635,45.695745,17.295525,2.642055965,0.034181815,0.051652796,513.16335,717.73695,46820.025,79164.54,59242.995,15.70686614,0.790304828,1024.603604,11.23000292,1296.466334,0.0153297,6260.76,29785.36,13435.8,201.88,5849.88,0.209954576,0.135807499,66.55339806,4.757467145,4859.82,660.0,8519.7,1788.75,0.34998285457499345,0.6500171454250065,0.0
